id,y
2,no
9,no
10,no
12,no
16,no
21,no
28,no
48,no
55,no
60,no
66,no
67,no
74,no
77,no
78,no
82,no
93,no
97,no
105,no
112,no
117,no
125,no
126,no
132,no
136,no
138,no
141,no
143,no
145,no
148,no
153,no
155,no
159,no
161,no
162,no
163,no
174,no
178,no
179,no
189,no
190,no
191,no
192,no
193,no
197,no
203,no
206,no
207,no
211,no
215,no
220,no
228,no
229,no
235,no
238,no
240,no
244,no
249,no
256,no
258,no
276,yes
281,no
282,no
287,no
294,no
301,no
302,no
307,no
320,no
328,no
331,no
336,no
338,no
340,no
350,no
352,no
358,no
363,no
364,no
365,no
368,no
370,no
372,no
375,no
384,no
389,yes
390,no
400,no
402,no
404,no
406,no
412,no
417,no
446,yes
453,no
463,no
481,no
486,no
488,no
489,no
490,no
492,no
495,no
504,yes
507,no
515,no
519,no
524,no
525,no
526,no
534,no
541,no
545,no
555,no
557,no
560,no
569,no
570,no
587,no
589,no
595,no
597,no
614,no
615,no
619,no
627,no
645,no
652,no
654,no
661,no
663,no
665,no
667,no
669,no
670,no
671,no
678,no
680,no
691,no
692,no
698,no
699,no
706,no
717,no
719,yes
726,no
727,no
728,no
731,no
737,no
739,no
755,no
767,no
769,no
778,no
781,no
784,no
785,no
786,no
787,no
788,no
798,no
801,no
806,yes
808,no
814,no
818,no
822,no
834,no
835,no
845,no
846,no
851,no
854,no
858,no
859,no
860,no
864,no
865,no
869,no
870,no
876,no
877,no
882,no
887,no
889,no
893,no
899,no
901,no
909,no
917,no
922,no
924,no
929,no
931,no
935,no
946,no
954,no
956,no
968,no
992,no
1001,yes
1007,no
1013,no
1014,no
1015,no
1016,no
1021,no
1040,no
1044,no
1051,no
1058,no
1062,no
1067,no
1070,no
1073,no
1079,no
1081,no
1088,no
1089,no
1093,no
1094,no
1098,no
1102,no
1105,no
1116,no
1120,no
1125,no
1129,yes
1132,no
1134,no
1136,no
1140,no
1141,no
1150,no
1154,no
1155,no
1161,no
1167,no
1168,no
1170,no
1171,no
1172,no
1177,no
1184,no
1191,no
1195,no
1196,no
1200,no
1207,no
1209,no
1211,no
1214,no
1230,no
1239,no
1242,no
1245,no
1252,no
1262,no
1267,no
1269,yes
1273,no
1279,no
1283,no
1294,no
1299,no
1301,no
1306,no
1307,no
1308,no
1312,no
1313,no
1316,no
1324,no
1341,no
1342,no
1353,no
1361,no
1363,no
1364,no
1367,yes
1375,no
1376,no
1378,no
1379,no
1381,no
1382,no
1386,no
1401,no
1403,no
1407,no
1409,no
1424,no
1425,no
1431,no
1435,no
1436,no
1445,no
1447,no
1449,no
1462,no
1466,no
1468,no
1469,no
1481,no
1492,no
1502,no
1506,no
1515,no
1518,no
1519,no
1524,no
1529,no
1531,no
1537,no
1538,yes
1539,no
1541,no
1542,no
1545,no
1548,no
1551,no
1552,no
1560,no
1577,no
1582,no
1585,no
1587,no
1589,no
1591,no
1600,no
1605,no
1609,no
1619,no
1620,no
1622,no
1627,no
1629,no
1630,no
1633,no
1636,yes
1637,no
1645,no
1651,no
1657,no
1658,no
1667,no
1674,no
1678,no
1679,no
1685,no
1695,no
1700,no
1708,no
1724,no
1725,no
1726,no
1727,no
1734,no
1737,no
1742,no
1750,no
1752,no
1754,no
1757,no
1759,no
1762,no
1764,no
1770,no
1777,no
1779,no
1789,no
1798,no
1802,no
1813,no
1814,no
1820,no
1823,no
1828,no
1831,no
1848,no
1849,no
1855,no
1875,no
1881,no
1885,no
1893,no
1898,no
1899,no
1906,yes
1907,no
1908,no
1909,no
1914,no
1917,no
1920,no
1925,no
1932,no
1936,no
1951,no
1958,no
1960,no
1961,no
1969,no
1970,no
1980,yes
1986,no
1987,no
1988,no
1990,no
1996,no
1998,no
2011,no
2013,no
2015,no
2017,no
2023,no
2024,no
2027,no
2031,no
2032,no
2035,no
2042,no
2044,no
2048,no
2049,no
2050,no
2062,no
2064,no
2073,no
2077,no
2079,no
2080,no
2092,no
2093,no
2096,no
2100,no
2103,no
2105,yes
2106,no
2113,no
2121,no
2123,no
2125,no
2139,no
2147,no
2148,no
2155,no
2159,no
2169,no
2172,no
2176,no
2179,no
2187,no
2192,no
2196,no
2198,no
2200,no
2204,no
2217,no
2219,no
2224,no
2230,no
2243,no
2244,no
2251,no
2253,no
2257,no
2261,no
2272,no
2282,no
2283,no
2285,no
2302,no
2307,no
2311,no
2317,no
2327,no
2336,no
2352,no
2353,no
2356,no
2368,no
2370,no
2378,no
2382,no
2384,no
2396,no
2402,no
2410,no
2413,no
2421,no
2426,no
2429,no
2431,no
2433,no
2443,no
2454,no
2461,no
2462,no
2469,no
2472,no
2475,no
2482,no
2486,no
2490,no
2491,no
2509,no
2511,no
2513,no
2520,no
2523,no
2537,no
2539,no
2551,no
2557,no
2563,no
2567,yes
2568,no
2573,no
2575,yes
2580,no
2581,no
2586,no
2591,no
2597,no
2600,no
2607,no
2610,no
2612,no
2618,no
2623,no
2637,no
2642,no
2643,no
2648,no
2651,no
2659,no
2663,yes
2671,no
2686,no
2690,no
2693,no
2695,no
2708,no
2711,no
2716,no
2717,no
2719,no
2738,no
2739,no
2745,no
2747,no
2759,no
2763,yes
2765,no
2773,no
2775,yes
2776,no
2779,no
2785,no
2786,no
2787,no
2795,no
2800,no
2801,no
2808,no
2809,no
2810,no
2811,no
2823,no
2831,no
2832,no
2833,no
2835,yes
2839,no
2841,no
2843,no
2849,no
2850,no
2852,no
2866,no
2869,no
2871,no
2880,no
2881,no
2887,yes
2889,no
2890,no
2892,no
2895,no
2911,no
2914,no
2920,no
2933,no
2934,no
2936,no
2939,no
2941,no
2951,no
2956,no
2961,no
2962,no
2972,no
2979,no
2983,no
2985,no
2994,no
3009,no
3010,no
3020,no
3040,yes
3041,no
3044,no
3051,no
3052,no
3057,no
3071,no
3081,no
3083,yes
3084,no
3089,no
3092,no
3093,no
3112,no
3114,no
3117,no
3121,no
3127,no
3129,no
3134,no
3137,no
3145,no
3149,no
3153,no
3158,no
3159,no
3164,no
3167,no
3170,no
3174,yes
3175,no
3178,no
3190,no
3191,yes
3196,no
3203,yes
3224,no
3225,no
3228,no
3232,no
3236,no
3239,no
3240,no
3249,no
3255,no
3258,no
3262,no
3267,no
3273,no
3278,no
3285,no
3291,no
3292,no
3293,no
3300,no
3304,no
3306,no
3311,no
3317,no
3320,no
3321,no
3326,no
3327,no
3330,no
3332,no
3340,no
3342,no
3343,no
3346,no
3358,no
3359,no
3363,no
3368,no
3370,no
3373,no
3374,no
3380,no
3384,yes
3385,no
3389,yes
3390,no
3395,yes
3400,no
3407,yes
3412,no
3414,no
3420,no
3430,no
3432,no
3435,no
3436,yes
3439,no
3443,no
3453,no
3457,no
3471,yes
3491,no
3506,yes
3513,no
3516,no
3543,no
3551,no
3556,no
3557,no
3558,no
3561,no
3565,no
3567,no
3583,no
3586,no
3587,no
3596,no
3606,no
3621,no
3626,no
3627,no
3630,no
3631,no
3632,no
3636,no
3641,no
3642,no
3648,no
3650,no
3654,no
3659,no
3666,no
3670,no
3675,no
3676,no
3681,no
3688,no
3696,no
3709,no
3712,no
3713,no
3716,no
3720,yes
3722,no
3726,no
3727,no
3729,no
3731,no
3738,no
3744,no
3748,no
3749,no
3750,no
3754,no
3756,no
3760,no
3762,no
3764,no
3765,yes
3770,yes
3771,no
3775,no
3782,no
3783,no
3786,no
3791,no
3797,no
3802,no
3805,no
3809,no
3810,no
3812,no
3814,no
3815,no
3828,no
3832,no
3845,no
3849,no
3854,yes
3866,no
3873,no
3880,no
3890,no
3895,no
3907,no
3908,no
3913,no
3917,no
3924,no
3927,no
3932,no
3943,no
3956,no
3961,no
3968,no
3969,no
3972,no
3981,no
3982,no
3983,no
3985,no
3987,no
3990,no
4000,no
4006,no
4011,no
4014,no
4017,no
4018,no
4025,no
4033,no
4042,no
4050,yes
4054,no
4055,no
4067,yes
4078,no
4079,no
4083,no
4088,no
4090,no
4103,no
4114,no
4117,no
4131,no
4133,no
4134,no
4135,no
4136,no
4137,no
4138,no
4141,no
4142,no
4145,no
4150,no
4158,no
4173,no
4175,no
4188,no
4213,yes
4218,no
4232,no
4234,no
4239,no
4247,no
4249,no
4255,no
4259,no
4263,no
4270,no
4298,no
4300,no
4311,no
4319,no
4321,no
4324,no
4331,no
4340,no
4357,no
4358,no
4360,no
4368,yes
4370,no
4378,no
4379,no
4381,no
4386,no
4392,no
4394,no
4409,no
4423,no
4425,no
4426,no
4431,no
4432,no
4434,no
4437,no
4458,no
4460,no
4470,no
4477,no
4478,no
4481,no
4485,no
4491,no
4492,no
4493,no
4494,no
4495,yes
4499,no
4507,no
4529,no
4531,no
4532,no
4544,no
4551,no
4552,no
4555,no
4557,no
4566,no
4567,no
4575,no
4581,no
4582,no
4583,yes
4586,no
4594,no
4598,no
4599,no
4603,no
4611,no
4616,no
4621,no
4627,no
4631,no
4632,no
4633,no
4637,no
4648,no
4652,yes
4654,no
4655,no
4656,no
4658,no
4662,no
4663,no
4666,no
4668,no
4675,no
4677,yes
4683,no
4686,no
4700,yes
4703,no
4710,no
4711,no
4712,no
4725,no
4727,no
4732,no
4733,no
4735,no
4748,no
4757,no
4758,no
4760,no
4763,no
4765,no
4769,yes
4773,no
4777,no
4780,no
4782,no
4784,no
4790,no
4792,no
4795,no
4798,no
4804,no
4806,no
4809,no
4818,no
4823,no
4827,no
4835,no
4837,no
4846,no
4853,no
4854,no
4857,no
4864,no
4868,no
4873,no
4875,no
4886,no
4887,no
4891,no
4895,no
4897,yes
4898,no
4906,no
4912,no
4917,no
4920,no
4922,no
4924,no
4926,no
4927,no
4931,no
4933,no
4938,no
4940,no
4944,no
4946,no
4947,no
4951,no
4956,no
4967,no
4971,no
4986,no
4992,no
4994,no
4996,no
4997,no
5017,no
5021,no
5033,no
5037,no
5039,no
5051,no
5052,no
5056,no
5057,no
5060,no
5062,no
5065,no
5074,no
5075,no
5077,no
5084,no
5103,no
5104,no
5105,no
5109,no
5110,no
5122,no
5126,no
5127,no
5141,yes
5147,no
5153,no
5178,no
5185,no
5188,no
5190,no
5192,no
5197,no
5204,no
5208,no
5209,no
5213,no
5232,no
5237,no
5240,no
5247,no
5249,no
5256,no
5257,no
5258,no
5263,no
5269,yes
5276,no
5283,no
5285,no
5287,no
5295,no
5296,no
5299,no
5307,no
5311,no
5313,no
5319,no
5322,no
5328,no
5335,no
5344,no
5347,no
5355,no
5366,no
5368,no
5374,no
5387,no
5398,no
5408,no
5409,no
5410,no
5415,yes
5419,no
5424,no
5432,no
5433,no
5435,yes
5439,no
5445,no
5448,no
5451,no
5454,no
5463,no
5469,no
5470,no
5481,no
5482,no
5486,no
5495,no
5498,no
5499,no
5506,no
5509,no
5515,no
5519,no
5520,no
5529,no
5530,no
5534,no
5539,no
5542,no
5543,no
5544,no
5552,no
5555,no
5558,no
5565,no
5569,no
5571,no
5573,no
5574,no
5577,no
5580,no
5581,no
5583,no
5585,no
5586,no
5590,no
5592,no
5594,no
5596,no
5600,no
5602,no
5603,no
5606,no
5609,no
5611,no
5618,no
5619,no
5622,no
5626,no
5629,no
5636,yes
5644,no
5649,no
5650,no
5655,no
5656,no
5660,no
5666,no
5668,no
5670,no
5675,no
5680,no
5682,no
5693,no
5695,no
5696,no
5698,no
5704,no
5710,no
5713,no
5722,no
5724,no
5730,no
5738,no
5741,no
5744,no
5750,no
5752,no
5753,no
5755,no
5759,no
5772,no
5773,no
5774,no
5776,no
5779,no
5782,no
5783,no
5788,no
5791,no
5793,no
5796,no
5798,no
5801,no
5808,no
5812,no
5818,no
5820,no
5827,no
5829,no
5832,no
5840,no
5842,no
5845,no
5850,no
5851,no
5867,no
5877,no
5889,no
5895,no
5898,no
5901,no
5906,no
5912,no
5926,no
5930,no
5939,no
5949,no
5951,no
5956,no
5958,no
5972,no
5974,no
5978,yes
5984,no
5993,no
5997,no
6001,no
6008,no
6009,no
6012,no
6022,no
6031,no
6033,no
6038,no
6040,no
6041,no
6054,no
6073,no
6078,no
6080,no
6085,no
6089,no
6090,no
6093,no
6099,no
6102,no
6116,no
6130,no
6135,no
6139,no
6142,no
6150,no
6152,no
6154,no
6155,no
6159,no
6160,no
6168,no
6171,no
6172,no
6183,no
6190,no
6191,no
6207,no
6213,no
6221,no
6226,no
6229,no
6238,no
6240,no
6254,no
6256,no
6265,no
6269,no
6273,no
6276,no
6284,no
6295,no
6296,no
6297,no
6304,no
6305,no
6310,no
6313,no
6317,no
6318,no
6344,no
6358,no
6359,no
6364,no
6368,no
6370,no
6371,no
6372,no
6374,no
6378,no
6380,no
6382,no
6391,no
6396,no
6397,no
6406,yes
6411,no
6416,no
6430,no
6439,no
6441,no
6447,no
6449,no
6450,no
6458,no
6461,no
6464,no
6469,no
6470,no
6471,no
6474,no
6475,no
6476,no
6477,no
6479,no
6509,no
6511,no
6519,no
6523,no
6530,no
6533,no
6539,no
6540,no
6546,no
6548,no
6554,no
6559,no
6563,no
6565,no
6568,no
6570,no
6571,no
6581,no
6587,no
6588,yes
6589,no
6591,no
6610,no
6614,no
6629,no
6638,no
6640,no
6642,no
6643,no
6644,no
6645,no
6655,no
6665,no
6668,no
6691,no
6696,no
6697,no
6701,no
6704,no
6710,no
6716,no
6719,no
6721,no
6722,no
6727,no
6731,no
6737,no
6738,yes
6743,no
6749,no
6766,no
6767,no
6771,no
6772,no
6773,no
6776,no
6782,no
6783,no
6784,no
6789,no
6791,no
6794,no
6796,no
6801,no
6816,no
6819,no
6823,no
6825,no
6828,no
6833,no
6837,no
6838,no
6841,no
6843,no
6849,no
6852,no
6853,no
6854,no
6855,no
6858,no
6859,no
6861,no
6862,no
6869,no
6873,no
6893,no
6894,no
6895,no
6901,no
6910,no
6924,no
6937,no
6938,no
6941,no
6949,no
6953,no
6960,no
6968,no
6970,no
6971,no
6979,no
6980,no
6982,no
6989,no
6997,no
6998,no
7005,no
7006,no
7008,no
7009,no
7016,no
7031,no
7036,no
7037,no
7052,yes
7054,no
7056,no
7059,no
7065,no
7067,no
7069,no
7079,no
7081,no
7083,yes
7086,yes
7099,yes
7114,no
7130,no
7135,yes
7146,no
7148,no
7151,no
7156,no
7158,no
7166,no
7170,no
7179,no
7187,no
7189,no
7190,no
7194,no
7206,no
7211,no
7213,no
7214,no
7219,no
7226,no
7227,no
7230,no
7233,no
7235,no
7239,no
7242,no
7243,no
7244,no
7246,no
7253,no
7263,no
7265,no
7269,no
7287,no
7291,no
7295,no
7296,no
7297,yes
7310,no
7311,no
7314,no
7345,no
7347,no
7349,no
7352,no
7354,no
7357,no
7366,no
7367,no
7368,no
7370,no
7371,no
7373,no
7378,no
7382,no
7384,no
7392,no
7394,no
7400,no
7407,no
7415,no
7418,no
7421,no
7424,no
7435,no
7436,no
7446,no
7452,no
7455,no
7461,no
7465,no
7480,no
7485,no
7489,no
7490,no
7491,no
7493,no
7498,no
7521,no
7522,no
7526,no
7531,no
7533,no
7543,no
7561,no
7564,no
7566,no
7597,no
7601,yes
7610,no
7612,no
7619,no
7629,no
7633,no
7637,no
7642,no
7645,no
7657,no
7659,no
7674,no
7684,no
7689,no
7697,no
7710,no
7727,yes
7736,no
7737,no
7746,no
7754,no
7758,no
7761,no
7764,no
7766,no
7777,no
7783,no
7788,no
7797,no
7804,no
7805,no
7812,no
7813,no
7830,no
7833,no
7837,no
7843,no
7846,no
7847,no
7848,no
7851,no
7853,no
7856,no
7857,no
7860,no
7866,no
7868,no
7869,no
7896,no
7903,no
7906,no
7909,no
7910,no
7927,no
7933,yes
7938,no
7941,no
7943,no
7951,no
7957,no
7959,no
7961,no
7967,no
7970,no
7972,no
7973,no
7987,no
7994,no
7995,no
7999,no
8002,no
8003,no
8004,no
8007,no
8012,no
8016,yes
8017,no
8024,no
8026,no
8032,no
8036,no
8044,no
8055,no
8061,no
8068,no
8070,no
8071,no
8073,no
8077,no
8080,no
8084,no
8110,no
8112,no
8120,no
8123,no
8125,yes
8128,no
8130,yes
8150,no
8152,no
8154,no
8155,no
8162,no
8168,no
8169,no
8177,no
8179,no
8181,no
8183,no
8199,no
8205,no
8208,no
8210,no
8219,no
8221,no
8222,no
8226,no
8234,no
8243,no
8244,no
8245,no
8252,no
8258,no
8259,no
8263,no
8264,no
8269,no
8275,no
8286,no
8307,no
8308,no
8311,no
8314,no
8315,yes
8320,no
8325,no
8328,yes
8329,yes
8333,no
8334,no
8335,no
8346,no
8353,no
8367,no
8378,no
8386,no
8391,no
8392,no
8397,no
8399,no
8412,no
8415,no
8417,yes
8418,no
8419,no
8424,no
8427,no
8429,no
8433,no
8434,no
8436,yes
8438,no
8446,no
8448,no
8458,no
8461,no
8472,no
8488,no
8491,no
8493,no
8502,no
8512,no
8515,no
8519,no
8521,no
8529,yes
8531,no
8533,no
8535,no
8536,no
8547,no
8549,no
8556,no
8558,no
8563,no
8566,no
8567,yes
8571,no
8572,no
8577,no
8587,no
8593,no
8595,no
8597,no
8601,no
8605,no
8609,no
8624,yes
8627,no
8635,no
8636,yes
8640,no
8646,no
8666,no
8669,no
8680,no
8682,no
8683,no
8693,no
8695,no
8697,no
8702,no
8705,no
8706,no
8711,no
8712,no
8716,no
8717,no
8719,no
8720,no
8733,no
8734,no
8738,no
8749,no
8750,no
8754,no
8767,no
8770,no
8772,no
8782,no
8783,no
8787,no
8789,no
8791,no
8792,no
8793,no
8802,no
8804,no
8811,no
8817,yes
8820,no
8837,no
8848,no
8855,no
8859,no
8864,no
8872,no
8876,no
8881,no
8894,no
8905,no
8906,no
8921,no
8924,no
8926,no
8927,no
8942,no
8946,no
8947,yes
8949,no
8959,no
8963,no
8984,no
8989,no
8995,no
8996,no
8997,no
8998,no
9007,no
9017,no
9018,no
9031,no
9045,no
9063,no
9065,no
9067,no
9074,no
9076,no
9077,no
9078,no
9079,no
9083,no
9095,no
9096,no
9101,no
9104,no
9107,no
9108,no
9110,no
9111,no
9120,no
9121,no
9122,no
9127,no
9130,no
9135,no
9145,no
9155,no
9158,no
9160,yes
9166,no
9168,no
9171,no
9174,no
9175,no
9184,no
9190,no
9196,yes
9200,no
9204,no
9208,no
9215,no
9219,no
9221,no
9227,no
9230,no
9241,no
9247,no
9256,no
9259,no
9261,no
9265,no
9268,no
9269,no
9271,no
9275,no
9277,no
9280,no
9283,no
9290,no
9304,no
9306,no
9316,no
9318,no
9323,no
9327,no
9336,no
9337,no
9342,no
9343,no
9344,no
9346,yes
9348,no
9359,no
9369,no
9371,no
9374,no
9417,no
9424,no
9425,no
9428,no
9429,no
9435,no
9446,no
9455,no
9460,no
9465,no
9472,no
9474,no
9479,no
9484,no
9486,no
9490,no
9491,no
9493,no
9496,no
9497,no
9503,no
9505,no
9510,no
9516,no
9518,no
9521,no
9524,yes
9528,no
9533,no
9540,no
9546,no
9557,no
9569,yes
9582,no
9583,no
9587,no
9589,no
9596,no
9597,no
9599,no
9603,no
9612,no
9615,no
9627,no
9628,no
9637,no
9643,no
9650,yes
9662,no
9673,no
9677,no
9686,no
9689,no
9692,no
9699,no
9706,no
9714,no
9715,no
9716,no
9718,no
9719,no
9721,no
9726,no
9735,no
9741,yes
9746,no
9752,no
9764,no
9765,no
9768,no
9772,no
9777,no
9782,no
9783,no
9788,no
9794,no
9795,no
9817,no
9821,no
9823,no
9824,no
9825,yes
9833,no
9837,no
9843,no
9847,no
9850,no
9852,yes
9860,no
9865,no
9866,no
9867,no
9873,no
9878,no
9879,no
9882,no
9885,no
9890,yes
9896,no
9903,no
9914,no
9915,no
9916,no
9921,no
9927,no
9930,no
9940,no
9941,yes
9943,no
9947,no
9949,no
9956,no
9964,no
9967,no
9968,no
9969,no
9972,no
9979,no
9984,no
9996,no
10000,no
10006,no
10014,no
10024,no
10028,no
10055,no
10058,no
10066,no
10067,no
10068,no
10073,no
10082,no
10086,no
10093,no
10095,no
10100,no
10103,no
10106,no
10109,no
10116,no
10131,no
10136,no
10141,no
10142,no
10143,yes
10147,no
10150,no
10161,no
10165,no
10167,no
10177,no
10179,no
10181,no
10195,no
10207,no
10209,no
10211,no
10213,no
10222,no
10225,no
10230,no
10233,no
10234,no
10238,no
10255,no
10258,no
10267,no
10278,no
10283,no
10292,no
10293,no
10295,no
10303,no
10304,no
10310,yes
10313,no
10326,no
10332,yes
10335,no
10338,no
10344,no
10345,no
10350,no
10358,no
10361,no
10364,no
10367,no
10374,no
10377,no
10380,no
10382,no
10386,no
10391,no
10394,no
10395,no
10396,no
10400,no
10403,no
10409,no
10412,no
10416,no
10420,no
10433,no
10435,no
10442,no
10449,no
10450,no
10451,no
10457,no
10464,no
10478,no
10481,no
10485,no
10487,no
10488,no
10492,no
10503,no
10514,no
10516,no
10521,no
10526,no
10531,no
10541,no
10550,no
10553,no
10554,no
10561,no
10566,no
10570,no
10576,no
10578,no
10582,no
10585,no
10589,no
10616,no
10617,no
10618,no
10619,no
10625,no
10626,no
10627,no
10634,no
10635,no
10637,no
10647,no
10651,no
10655,no
10672,no
10677,no
10680,no
10681,no
10682,no
10683,no
10685,no
10692,no
10693,no
10694,no
10698,no
10699,no
10702,no
10703,no
10704,yes
10706,no
10707,yes
10717,no
10720,no
10724,no
10725,no
10728,no
10729,no
10736,no
10737,no
10738,no
10740,no
10744,no
10748,no
10749,no
10750,no
10751,no
10754,no
10756,no
10759,no
10762,no
10763,no
10766,no
10770,no
10775,no
10776,no
10785,no
10787,no
10789,no
10793,no
10794,no
10799,no
10800,no
10805,no
10808,no
10813,no
10816,no
10825,yes
10828,no
10831,no
10832,no
10837,no
10839,no
10846,no
10848,no
10860,no
10871,no
10875,no
10878,no
10886,no
10889,no
10891,no
10892,no
10893,yes
10900,no
10905,no
10912,no
10913,no
10916,yes
10922,no
10929,no
10931,no
10938,no
10940,no
10942,no
10954,no
10956,no
10965,no
10966,no
10972,no
10973,no
10974,no
10975,no
10976,no
10983,no
10988,no
10997,no
10998,no
11001,no
11002,no
11003,no
11005,no
11009,no
11016,yes
11017,yes
11023,no
11033,no
11039,no
11046,yes
11049,no
11053,no
11064,no
11083,no
11085,no
11087,no
11093,no
11094,no
11095,no
11101,no
11108,no
11110,no
11111,no
11116,no
11120,no
11122,no
11130,no
11133,no
11138,no
11139,no
11151,no
11154,no
11156,no
11157,no
11161,no
11162,no
11164,no
11171,no
11172,no
11173,no
11174,no
11182,no
11185,no
11190,no
11197,no
11205,no
11207,no
11211,no
11221,no
11232,no
11240,no
11241,yes
11246,no
11249,no
11254,no
11258,no
11261,no
11267,no
11279,no
11280,no
11283,no
11284,no
11294,no
11302,no
11303,no
11308,no
11312,no
11314,no
11317,no
11319,no
11329,no
11332,no
11334,no
11336,no
11338,no
11340,no
11344,no
11345,yes
11349,no
11350,no
11353,no
11357,no
11360,yes
11362,no
11372,no
11381,no
11382,no
11383,no
11384,no
11390,no
11392,no
11394,no
11397,no
11407,no
11410,no
11411,no
11413,no
11415,no
11421,no
11422,no
11425,no
11434,no
11435,no
11437,no
11439,no
11440,no
11442,no
11445,no
11460,no
11468,no
11485,no
11492,yes
11516,no
11523,no
11528,no
11529,yes
11531,no
11534,no
11536,no
11539,no
11549,yes
11555,no
11556,yes
11559,yes
11560,no
11561,no
11563,no
11569,no
11577,no
11580,no
11586,no
11590,no
11593,no
11595,no
11613,no
11618,no
11620,no
11637,no
11639,no
11650,no
11653,no
11656,no
11662,no
11663,no
11664,no
11669,no
11672,no
11673,no
11676,no
11683,no
11688,no
11689,no
11691,no
11694,no
11695,no
11700,no
11703,no
11704,no
11705,no
11706,no
11707,no
11722,no
11725,no
11737,no
11738,no
11739,yes
11745,no
11760,no
11763,no
11767,no
11772,no
11777,no
11781,no
11795,no
11801,no
11814,no
11819,no
11824,no
11826,no
11831,no
11835,no
11837,no
11864,no
11867,no
11871,no
11874,no
11889,no
11907,no
11908,no
11916,no
11918,no
11926,no
11927,no
11929,no
11934,no
11938,no
11939,no
11944,no
11949,no
11950,no
11951,no
11953,no
11954,no
11957,no
11962,no
11969,no
11970,no
11975,no
11978,no
11984,no
11989,no
11991,no
11998,no
11999,no
12003,no
12015,no
12021,no
12031,no
12039,no
12040,no
12041,yes
12055,no
12061,no
12062,no
12067,no
12070,no
12087,no
12100,no
12109,no
12112,no
12115,no
12118,no
12120,no
12122,no
12126,no
12145,no
12149,no
12158,no
12161,no
12171,no
12173,no
12175,no
12177,no
12178,no
12180,no
12182,no
12183,no
12185,no
12191,yes
12192,no
12197,no
12199,no
12201,no
12205,no
12207,no
12213,no
12219,no
12224,no
12226,no
12237,no
12242,no
12251,no
12253,no
12254,no
12258,no
12265,no
12270,no
12275,no
12278,no
12289,no
12297,no
12298,no
12305,no
12306,no
12316,no
12317,no
12323,no
12329,no
12330,no
12336,yes
12342,no
12352,no
12356,no
12360,no
12363,no
12373,no
12379,no
12388,no
12390,no
12391,no
12392,no
12397,no
12404,yes
12411,no
12413,no
12424,no
12427,no
12446,no
12448,no
12449,no
12450,no
12452,no
12453,no
12454,no
12458,yes
12466,no
12467,yes
12470,no
12476,no
12479,no
12485,no
12489,no
12497,no
12504,no
12516,no
12533,no
12537,no
12541,no
12546,no
12576,no
12577,no
12580,no
12588,no
12595,no
12601,no
12602,no
12605,yes
12615,no
12625,no
12632,no
12638,no
12641,no
12651,no
12658,no
12663,no
12664,no
12665,no
12666,no
12673,no
12676,no
12677,no
12682,no
12686,no
12688,no
12693,no
12713,no
12716,no
12720,no
12721,no
12722,no
12734,no
12742,no
12743,no
12746,no
12748,no
12755,no
12763,no
12765,no
12779,no
12786,no
12803,no
12808,no
12809,no
12816,no
12817,no
12818,no
12819,no
12820,no
12828,no
12852,no
12853,no
12855,no
12856,no
12857,yes
12861,no
12866,yes
12867,no
12869,no
12874,no
12875,no
12879,no
12881,no
12884,no
12886,no
12905,no
12910,no
12916,no
12924,no
12926,no
12935,no
12940,no
12941,no
12948,no
12963,no
12977,no
12982,yes
12984,no
12987,no
12991,no
12996,no
12997,no
12999,no
13001,no
13006,no
13007,no
13009,no
13016,yes
13025,no
13026,no
13029,no
13036,no
13045,no
13046,no
13050,no
13051,no
13057,no
13067,no
13072,no
13074,no
13076,no
13081,no
13087,no
13100,no
13107,no
13109,no
13112,yes
13116,no
13117,no
13121,no
13136,no
13140,no
13146,no
13147,no
13156,no
13161,no
13163,no
13171,no
13178,no
13180,no
13186,yes
13201,no
13210,no
13216,no
13221,no
13224,yes
13230,no
13231,yes
13232,no
13233,no
13234,no
13237,no
13245,no
13255,no
13261,no
13265,no
13266,no
13269,no
13275,no
13276,yes
13279,no
13280,no
13281,yes
13283,no
13284,yes
13288,no
13296,no
13303,no
13304,no
13306,no
13318,no
13322,no
13323,no
13324,no
13327,no
13329,no
13331,no
13334,no
13335,no
13350,no
13358,no
13362,no
13379,no
13380,no
13382,no
13386,no
13392,no
13393,no
13395,no
13403,no
13409,no
13417,no
13419,no
13422,no
13428,no
13436,no
13439,no
13440,no
13444,no
13450,no
13456,no
13467,yes
13489,no
13490,no
13493,no
13500,no
13503,no
13507,no
13515,no
13516,no
13521,no
13527,no
13535,no
13541,no
13543,yes
13545,no
13547,no
13560,no
13565,no
13568,no
13569,no
13575,no
13598,no
13605,no
13612,no
13615,no
13629,no
13647,no
13652,yes
13654,no
13662,no
13663,no
13666,no
13668,no
13669,no
13673,no
13675,no
13682,no
13686,no
13689,no
13699,no
13703,no
13704,no
13716,no
13718,no
13731,no
13737,yes
13739,no
13746,no
13749,yes
13750,no
13753,no
13760,no
13767,no
13773,no
13777,no
13779,no
13780,no
13794,no
13796,no
13798,no
13799,no
13806,no
13807,yes
13824,no
13828,no
13833,no
13840,no
13843,no
13844,no
13851,no
13854,no
13859,no
13861,no
13865,no
13869,no
13877,no
13878,no
13886,no
13890,no
13893,no
13894,no
13895,no
13900,yes
13907,no
13917,no
13918,no
13919,no
13921,no
13923,no
13928,no
13929,yes
13932,no
13934,no
13937,no
13944,no
13945,no
13947,no
13971,no
13975,no
13979,no
13986,yes
13990,no
13994,no
13998,no
14011,no
14016,yes
14017,no
14021,no
14022,no
14025,no
14026,no
14027,no
14031,yes
14033,no
14039,no
14042,no
14043,no
14056,no
14060,no
14069,yes
14079,no
14086,no
14087,yes
14098,no
14110,no
14114,no
14116,no
14119,no
14122,no
14130,no
14135,no
14138,no
14139,no
14140,no
14141,no
14153,yes
14157,no
14162,no
14175,no
14178,no
14191,no
14195,no
14196,no
14199,no
14201,no
14209,no
14210,no
14211,no
14215,no
14226,no
14231,no
14232,no
14249,yes
14252,no
14254,no
14256,no
14259,yes
14266,no
14270,no
14271,no
14274,no
14282,no
14287,no
14288,no
14289,no
14291,no
14292,no
14296,no
14308,no
14318,no
14327,no
14330,no
14334,no
14336,no
14342,no
14345,yes
14352,no
14357,no
14369,yes
14373,no
14374,no
14376,no
14380,yes
14382,yes
14385,no
14387,no
14388,no
14389,no
14390,no
14394,no
14397,no
14407,no
14408,no
14414,no
14419,yes
14429,no
14435,no
14437,no
14444,no
14457,no
14472,no
14482,yes
14484,no
14485,no
14489,no
14496,no
14502,no
14506,no
14516,no
14519,yes
14523,no
14534,no
14536,no
14537,no
14541,no
14549,no
14559,no
14561,no
14562,no
14566,no
14567,no
14571,no
14586,no
14591,yes
14596,yes
14599,no
14605,no
14616,no
14621,no
14622,no
14626,no
14629,no
14635,yes
14645,no
14648,no
14650,no
14663,no
14665,no
14670,no
14671,no
14678,no
14683,no
14691,no
14692,no
14693,no
14706,no
14715,no
14716,no
14719,no
14721,no
14728,no
14743,no
14744,no
14745,no
14758,yes
14772,no
14779,no
14781,no
14799,no
14818,no
14820,no
14821,yes
14824,no
14837,no
14842,no
14849,yes
14852,no
14855,no
14859,yes
14868,no
14873,no
14892,no
14899,no
14901,no
14904,no
14908,no
14915,no
14924,no
14939,no
14953,no
14955,yes
14963,no
14973,no
14995,no
14996,no
14997,no
15023,no
15029,no
15032,no
15034,no
15036,no
15037,no
15038,no
15042,no
15043,no
15047,no
15048,no
15072,no
15078,no
15082,no
15086,no
15087,no
15088,no
15089,no
15096,yes
15103,no
15106,no
15111,no
15114,no
15116,no
15123,no
15128,yes
15138,no
15149,no
15151,yes
15152,no
15155,yes
15160,no
15166,yes
15167,no
15173,no
15183,no
15184,no
15187,yes
15193,no
15194,no
15198,no
15202,no
15206,no
15210,yes
15216,no
15222,no
15223,no
15228,no
15229,no
15233,no
15234,no
15235,no
15240,no
15248,no
15251,yes
15254,yes
15261,no
15271,yes
15275,no
15282,no
15284,no
15305,no
15310,no
15313,no
15317,yes
15323,no
15327,no
15328,no
15329,no
15332,no
15338,no
15339,no
15343,no
15349,no
15352,no
15357,no
15358,no
15360,no
15366,no
15369,yes
15371,no
15372,no
15373,no
15374,no
15379,no
15385,no
15386,no
15398,no
15401,no
15407,no
15408,no
15417,no
15422,no
15424,no
15434,no
15438,no
15449,no
15450,yes
15470,no
15474,yes
15479,no
15485,yes
15493,yes
15504,no
15511,no
15514,yes
15515,no
15523,no
15524,no
15525,yes
15534,no
15540,no
15545,no
15549,no
15563,no
15567,no
15574,no
15577,no
15581,yes
15585,no
15592,no
15596,no
15605,no
15613,yes
15620,no
15623,no
15627,no
15629,yes
15630,no
15635,no
15641,no
15646,no
15649,no
15651,no
15659,no
15663,yes
15682,no
15689,no
15690,no
15696,no
15702,no
15704,no
15707,yes
15708,no
15717,no
15721,no
15722,no
15728,no
15732,no
15733,no
15734,no
15735,no
15754,no
15761,no
15762,yes
15764,no
15775,no
15781,no
15790,no
15791,yes
15792,no
15795,no
15799,yes
15804,no
15810,yes
15812,no
15823,no
15830,yes
15835,no
15847,no
15848,no
15850,no
15859,no
15867,no
15870,no
15876,no
15881,no
15882,no
15886,no
15887,no
15890,yes
15892,no
15893,no
15896,no
15898,no
15899,no
15901,no
15905,no
15906,no
15913,yes
15916,no
15927,no
15928,no
15934,yes
15935,yes
15950,no
15954,no
15958,no
15960,no
15966,no
15972,no
15979,no
15989,no
15994,yes
15995,no
15996,no
15997,no
16001,no
16006,no
16014,no
16016,no
16018,yes
16021,no
16023,no
16029,no
16032,no
16034,no
16035,no
16043,no
16044,no
16052,no
16061,yes
16075,no
16082,no
16087,no
16091,yes
16103,no
16117,no
16121,no
16122,no
16138,no
16142,no
16149,yes
16150,no
16154,yes
16163,no
16173,no
16182,no
16184,no
16193,no
16194,no
16195,no
16198,yes
16199,no
16205,no
16209,no
16211,no
16218,no
16232,no
16237,no
16241,no
16244,no
16246,no
16251,no
16252,no
16260,no
16279,no
16280,no
16282,no
16288,no
16299,no
16301,no
16304,no
16309,no
16322,yes
16331,no
16335,no
16346,no
16351,no
16353,no
16363,no
16364,no
16365,no
16369,no
16370,no
16371,no
16374,no
16376,no
16378,no
16389,no
16390,no
16393,no
16395,no
16396,no
16402,no
16405,no
16406,no
16412,no
16422,no
16428,no
16436,no
16438,no
16440,no
16446,no
16448,no
16453,no
16456,no
16458,no
16459,no
16475,yes
16478,no
16482,no
16493,no
16499,no
16508,no
16514,no
16523,no
16524,no
16526,no
16527,yes
16531,no
16532,no
16535,no
16538,no
16544,no
16555,no
16559,no
16562,no
16566,yes
16567,no
16574,no
16576,no
16589,no
16607,no
16608,no
16616,no
16619,no
16626,no
16633,no
16644,no
16645,no
16646,no
16653,no
16654,yes
16661,no
16663,no
16667,yes
16669,no
16673,no
16676,no
16678,no
16682,yes
16691,no
16692,no
16698,no
16704,yes
16709,no
16713,yes
16715,yes
16724,no
16725,no
16727,no
16733,no
16743,no
16748,no
16753,no
16755,no
16766,no
16767,no
16774,no
16779,no
16789,no
16806,no
16821,no
16832,yes
16835,yes
16843,no
16848,no
16850,no
16859,no
16865,no
16873,no
16874,no
16885,no
16892,yes
16896,no
16901,no
16905,no
16907,no
16920,yes
16923,no
16928,no
16932,no
16934,no
16939,no
16940,no
16956,no
16959,yes
16964,no
16967,no
16968,no
16972,no
16977,no
16984,no
16986,yes
16988,no
16994,yes
16998,yes
16999,no
17006,yes
17010,no
17014,no
17015,no
17019,no
17022,no
17027,no
17029,no
17030,no
17033,no
17043,no
17046,no
17058,no
17061,no
17065,no
17069,no
17070,yes
17071,no
17073,no
17076,no
17081,no
17087,no
17100,yes
17101,no
17106,no
17107,no
17118,no
17127,no
17130,no
17138,no
17143,no
17144,no
17153,no
17154,no
17157,no
17159,no
17174,no
17175,no
17186,no
17194,no
17197,no
17199,no
17200,no
17205,no
17207,no
17209,no
17214,no
17221,no
17232,no
17241,no
17254,no
17257,no
17260,no
17261,no
17262,no
17264,no
17266,no
17270,no
17272,no
17273,no
17275,yes
17276,no
17285,no
17297,no
17302,no
17303,no
17304,no
17308,no
17312,yes
17320,no
17322,no
17323,no
17325,no
17327,no
17331,no
17334,no
17337,no
17343,no
17347,no
17350,no
17352,no
17357,no
17358,no
17359,no
17368,no
17369,no
17373,no
17374,no
17375,no
17376,no
17380,no
17387,no
17392,no
17393,no
17397,yes
17400,no
17412,no
17413,no
17420,no
17429,no
17434,no
17438,no
17449,yes
17450,no
17451,no
17453,no
17458,no
17459,no
17463,no
17478,no
17482,no
17485,no
17492,no
17493,no
17506,no
17508,no
17509,no
17513,no
17514,no
17517,no
17519,no
17543,no
17548,no
17551,yes
17558,no
17560,no
17568,no
17569,no
17570,no
17575,no
17576,no
17586,no
17587,no
17600,no
17602,no
17611,no
17615,no
17618,no
17622,no
17625,yes
17627,no
17630,no
17632,no
17633,no
17640,no
17642,no
17650,no
17653,no
17658,no
17674,no
17675,no
17685,no
17695,no
17696,no
17706,no
17709,no
17715,no
17718,no
17719,no
17727,no
17733,no
17740,no
17749,yes
17750,no
17755,no
17761,no
17764,no
17771,no
17772,no
17773,no
17774,no
17778,no
17793,no
17794,no
17796,no
17806,no
17810,no
17824,no
17826,no
17833,no
17839,no
17848,no
17850,no
17857,no
17858,no
17862,no
17864,no
17883,no
17888,no
17889,no
17898,no
17905,no
17908,yes
17921,no
17924,no
17929,no
17948,no
17952,no
17955,no
17958,no
17985,no
17988,no
18000,no
18017,no
18019,no
18020,no
18023,no
18024,no
18028,no
18029,no
18030,no
18033,yes
18037,no
18047,no
18051,no
18052,no
18058,no
18060,no
18061,no
18062,no
18064,no
18070,yes
18071,no
18073,no
18074,no
18077,no
18088,no
18099,no
18100,no
18101,no
18103,yes
18105,no
18108,no
18120,no
18122,no
18133,no
18135,no
18141,no
18147,yes
18155,no
18156,yes
18157,no
18158,yes
18161,no
18174,yes
18196,no
18199,no
18205,no
18211,no
18227,yes
18230,no
18231,no
18252,no
18255,yes
18256,no
18257,no
18259,no
18261,no
18263,yes
18268,no
18271,no
18279,no
18284,yes
18287,no
18293,no
18297,no
18300,no
18302,no
18309,no
18311,no
18312,no
18313,no
18316,no
18320,no
18322,no
18323,no
18324,no
18333,no
18343,no
18350,no
18351,no
18354,no
18375,no
18381,no
18384,no
18385,yes
18394,no
18395,yes
18412,no
18425,no
18431,no
18437,no
18440,no
18443,no
18445,no
18449,no
18450,no
18452,no
18454,no
18460,no
18467,no
18474,no
18482,no
18485,yes
18489,no
18504,no
18509,no
18514,yes
18520,no
18522,no
18540,no
18542,no
18544,no
18546,no
18549,no
18556,no
18557,no
18562,no
18565,no
18569,no
18574,no
18581,no
18589,no
18595,no
18601,no
18608,no
18610,no
18613,no
18624,no
18625,no
18626,no
18635,no
18639,no
18642,no
18645,no
18646,no
18653,no
18658,no
18667,no
18678,no
18680,no
18681,no
18689,no
18690,no
18691,no
18693,no
18705,no
18706,no
18708,no
18710,no
18711,no
18733,no
18743,no
18745,yes
18748,no
18752,no
18753,no
18755,no
18758,no
18768,no
18771,no
18777,yes
18782,no
18787,yes
18792,no
18793,no
18799,no
18800,no
18807,no
18814,no
18816,no
18824,no
18825,no
18827,no
18830,no
18845,yes
18847,no
18850,no
18852,no
18880,no
18888,no
18889,no
18895,no
18897,no
18908,no
18919,no
18922,no
18931,no
18935,no
18942,no
18945,no
18950,no
18951,no
18971,no
18976,no
18978,yes
18981,no
18982,no
18984,no
18987,no
18990,no
18994,no
19008,no
19019,no
19023,no
19029,no
19033,no
19037,no
19041,no
19049,no
19053,no
19063,no
19065,yes
19071,no
19073,no
19086,no
19087,no
19091,no
19093,no
19094,no
19096,no
19097,yes
19115,yes
19118,no
19122,no
19123,no
19128,no
19129,no
19131,no
19149,no
19156,no
19157,no
19158,no
19159,no
19162,no
19164,no
19167,no
19169,no
19173,no
19177,no
19181,no
19183,no
19187,no
19190,no
19194,no
19198,no
19201,no
19206,no
19212,no
19216,no
19218,no
19222,yes
19225,no
19226,no
19229,no
19230,no
19233,no
19238,no
19239,no
19250,no
19252,no
19254,no
19255,no
19256,no
19257,no
19259,yes
19262,no
19267,no
19275,no
19276,yes
19281,yes
19282,no
19288,no
19296,no
19309,no
19324,no
19330,no
19337,no
19342,no
19344,no
19356,no
19360,no
19363,no
19381,no
19385,no
19389,no
19403,no
19404,no
19420,no
19423,no
19426,no
19440,yes
19445,no
19446,no
19456,no
19457,no
19459,no
19462,no
19477,no
19480,no
19488,no
19493,no
19503,no
19506,no
19508,no
19510,no
19520,no
19522,no
19531,no
19539,no
19540,no
19541,no
19544,no
19551,no
19552,no
19554,no
19555,no
19556,no
19558,no
19563,no
19567,no
19569,no
19572,no
19576,no
19581,no
19583,no
19584,no
19585,no
19595,yes
19596,no
19601,no
19604,yes
19610,no
19611,no
19613,no
19614,no
19619,no
19622,no
19623,no
19624,no
19627,no
19630,no
19641,no
19642,no
19643,no
19648,no
19656,no
19657,no
19665,no
19675,no
19680,no
19692,no
19694,no
19702,no
19710,no
19715,no
19731,no
19733,no
19738,no
19744,no
19747,no
19751,no
19758,no
19768,no
19769,no
19773,no
19775,no
19778,no
19782,no
19787,no
19790,no
19799,no
19800,no
19810,yes
19816,no
19830,no
19835,no
19838,no
19840,no
19846,no
19856,no
19859,no
19867,no
19870,no
19873,no
19874,no
19877,no
19878,no
19880,no
19881,no
19894,no
19895,no
19899,no
19900,no
19909,no
19915,no
19921,no
19932,no
19933,no
19935,no
19937,no
19938,no
19942,no
19945,no
19950,yes
19953,no
19956,no
19963,no
19965,no
19971,no
19975,no
19978,yes
19982,no
19989,no
19991,no
19994,no
19996,no
20002,no
20008,no
20013,no
20017,no
20022,no
20025,no
20028,no
20039,no
20045,no
20049,no
20056,no
20058,no
20059,no
20061,no
20074,no
20079,no
20080,no
20081,no
20085,no
20093,no
20095,no
20103,no
20104,no
20107,no
20116,no
20119,no
20121,no
20127,no
20128,no
20131,no
20132,no
20140,no
20142,no
20143,no
20144,no
20150,no
20159,no
20167,no
20171,yes
20172,no
20173,yes
20175,no
20176,no
20180,no
20183,no
20187,yes
20195,yes
20208,no
20213,yes
20215,no
20219,no
20224,no
20225,no
20229,no
20238,yes
20245,no
20269,no
20281,no
20288,no
20306,no
20307,no
20308,no
20309,no
20313,no
20316,no
20317,no
20323,no
20324,no
20331,no
20337,no
20343,no
20350,no
20354,no
20358,no
20360,no
20365,no
20369,no
20378,no
20384,no
20389,no
20390,no
20393,no
20400,no
20409,no
20411,no
20420,no
20421,no
20423,no
20425,no
20426,no
20431,no
20435,no
20445,no
20447,yes
20452,no
20454,no
20456,no
20460,no
20462,no
20463,no
20466,no
20469,no
20470,no
20491,no
20493,no
20519,no
20527,no
20528,no
20530,no
20536,no
20538,no
20539,yes
20541,no
20559,no
20566,no
20567,no
20581,yes
20583,no
20584,no
20587,yes
20588,no
20590,no
20594,no
20595,no
20597,yes
20607,no
20608,no
20609,no
20611,no
20612,no
20618,no
20619,no
20620,no
20625,no
20644,no
20648,no
20651,no
20652,no
20655,no
20659,no
20661,no
20662,no
20666,no
20669,no
20670,no
20671,no
20674,no
20677,no
20689,no
20690,no
20695,no
20698,no
20700,no
20706,no
20707,yes
20710,no
20711,no
20714,no
20719,no
20732,no
20733,yes
20746,no
20750,yes
20756,yes
20760,yes
20764,no
20774,yes
20786,no
20789,no
20792,no
20799,no
20800,no
20802,no
20803,no
20805,no
20806,no
20808,no
20810,no
20811,no
20823,no
20827,no
20829,yes
20836,no
20837,no
20842,no
20855,no
20858,no
20862,no
20863,yes
20866,no
20878,no
20880,no
20884,no
20900,no
20901,no
20906,no
20908,no
20914,no
20918,yes
20921,no
20922,no
20923,no
20929,no
20932,no
20936,no
20939,no
20947,no
20950,no
20953,no
20954,no
20955,no
20961,no
20963,no
20968,no
20975,no
20977,no
20980,no
20981,no
20982,no
20991,no
21008,no
21015,no
21029,no
21031,no
21038,yes
21042,no
21045,no
21054,no
21057,no
21058,no
21059,no
21061,no
21062,no
21067,yes
21074,no
21083,no
21097,yes
21113,no
21116,no
21118,no
21119,no
21120,no
21125,no
21128,no
21133,yes
21136,no
21137,no
21153,no
21158,no
21162,no
21164,no
21168,no
21172,no
21174,no
21177,no
21180,no
21181,no
21182,no
21188,no
21195,no
21199,no
21204,no
21205,no
21209,no
21217,no
21223,no
21225,no
21233,no
21243,no
21248,no
21252,no
21253,no
21259,no
21263,no
21267,no
21271,no
21274,yes
21281,no
21288,no
21292,yes
21295,no
21300,no
21301,yes
21304,no
21312,no
21316,no
21322,yes
21323,no
21329,yes
21341,no
21352,yes
21357,no
21359,no
21360,no
21364,no
21371,no
21372,no
21376,no
21384,no
21386,yes
21387,no
21389,no
21390,no
21395,no
21398,no
21400,no
21411,no
21427,no
21435,yes
21438,no
21447,no
21452,no
21473,no
21493,no
21498,no
21508,no
21510,no
21514,no
21515,no
21518,no
21520,no
21526,no
21534,no
21542,no
21545,no
21550,no
21556,no
21560,no
21563,no
21566,no
21575,no
21576,no
21577,no
21584,no
21586,no
21591,no
21592,no
21596,no
21598,no
21602,no
21605,no
21606,no
21607,no
21618,no
21621,no
21625,no
21627,no
21630,no
21636,yes
21637,no
21638,no
21639,no
21642,no
21644,no
21646,no
21650,no
21657,no
21665,no
21672,no
21673,no
21675,no
21677,no
21684,no
21686,no
21689,no
21691,no
21692,no
21698,no
21699,no
21700,no
21709,no
21727,no
21729,no
21730,no
21732,yes
21736,no
21751,yes
21754,no
21774,no
21776,no
21777,no
21778,no
21782,no
21792,no
21793,no
21797,no
21800,no
21804,no
21811,no
21817,no
21823,no
21826,no
21833,no
21834,no
21839,no
21852,no
21869,no
21874,no
21876,no
21885,yes
21889,no
21902,yes
21904,no
21909,no
21917,no
21918,no
21919,no
21922,no
21923,no
21924,no
21927,no
21932,yes
21939,no
21949,yes
21951,no
21953,no
21959,no
21962,no
21966,no
21969,no
21972,no
21976,no
21991,yes
21999,no
22002,no
22005,no
22009,no
22010,no
22015,no
22030,no
22031,no
22042,no
22044,no
22052,yes
22054,no
22056,no
22057,no
22063,no
22092,no
22104,no
22116,no
22139,no
22161,no
22164,no
22168,no
22173,no
22180,no
22190,no
22191,no
22192,yes
22195,yes
22200,no
22207,no
22219,no
22223,no
22228,no
22250,no
22257,no
22258,no
22259,no
22260,no
22263,no
22286,no
22297,no
22299,no
22301,no
22302,no
22313,no
22318,no
22322,no
22335,no
22337,no
22340,no
22350,no
22356,no
22357,no
22359,no
22360,no
22361,no
22366,no
22368,no
22369,no
22372,no
22375,no
22386,no
22387,no
22388,no
22394,no
22398,no
22399,no
22401,yes
22403,no
22412,no
22415,no
22418,no
22419,no
22420,yes
22422,no
22423,no
22424,no
22431,no
22432,yes
22433,no
22436,no
22439,no
22440,no
22443,no
22444,no
22447,no
22449,no
22463,no
22469,no
22473,no
22484,no
22486,no
22490,no
22495,no
22499,no
22504,no
22520,no
22523,no
22534,no
22538,no
22547,no
22553,no
22554,no
22556,no
22559,no
22574,no
22580,no
22588,no
22601,no
22606,yes
22611,yes
22612,no
22614,no
22615,no
22616,no
22620,no
22625,no
22626,no
22634,no
22641,no
22656,no
22662,no
22663,no
22668,no
22669,no
22671,no
22673,no
22677,no
22684,no
22686,no
22687,no
22692,no
22693,no
22700,no
22706,no
22736,no
22738,no
22740,no
22742,no
22745,no
22746,no
22754,no
22760,no
22763,no
22765,no
22766,no
22778,no
22784,no
22785,no
22794,no
22800,no
22804,no
22813,no
22821,no
22831,no
22834,no
22837,no
22852,no
22861,no
22867,yes
22880,no
22884,no
22886,no
22890,no
22891,no
22906,no
22908,no
22911,no
22912,no
22918,no
22925,no
22927,no
22928,no
22931,no
22936,yes
22942,no
22948,no
22958,no
22963,no
22967,no
22973,no
22990,no
22995,no
22998,no
22999,no
23004,no
23017,no
23019,yes
23023,no
23027,no
23040,no
23042,no
23047,no
23049,no
23051,no
23061,no
23064,yes
23065,no
23067,no
23071,no
23078,yes
23091,no
23093,no
23097,no
23099,no
23104,no
23110,no
23112,no
23116,no
23121,no
23122,no
23128,no
23132,no
23147,no
23150,no
23154,no
23155,no
23161,no
23164,no
23165,no
23171,no
23172,no
23173,no
23177,no
23178,no
23183,no
23184,no
23185,no
23190,no
23195,no
23196,no
23197,no
23199,no
23205,no
23225,no
23227,no
23236,no
23238,no
23244,no
23247,no
23248,no
23252,no
23253,no
23255,no
23265,no
23275,no
23279,no
23283,no
23284,no
23286,no
23289,no
23290,no
23291,no
23296,no
23299,no
23303,no
23308,no
23312,no
23321,no
23322,no
23324,no
23325,no
23328,no
23331,no
23332,yes
23333,yes
23341,no
23345,no
23350,no
23351,no
23355,no
23360,yes
23369,no
23377,no
23380,no
23382,no
23383,no
23384,yes
23385,no
23386,no
23387,no
23393,no
23396,no
23398,no
23408,yes
23411,no
23419,no
23429,no
23456,no
23464,no
23470,no
23472,no
23474,no
23478,no
23481,no
23483,no
23486,no
23488,no
23495,no
23499,no
23501,no
23508,no
23509,no
23510,yes
23513,no
23515,no
23519,no
23524,no
23525,no
23527,no
23535,no
23544,no
23545,no
23548,no
23551,no
23554,no
23559,no
23561,no
23563,no
23567,no
23569,yes
23570,no
23574,no
23576,no
23580,no
23590,no
23595,no
23596,no
23599,no
23600,no
23610,no
23616,yes
23620,no
23624,no
23625,no
23648,no
23649,no
23650,no
23664,no
23666,no
23669,no
23675,no
23698,no
23704,no
23705,no
23706,no
23710,no
23711,no
23714,no
23718,no
23723,no
23736,no
23741,no
23749,no
23752,no
23760,no
23761,no
23762,no
23763,no
23769,yes
23776,yes
23777,no
23781,no
23782,no
23790,no
23793,no
23799,no
23803,no
23806,no
23816,no
23817,no
23821,yes
23824,no
23831,no
23833,no
23834,no
23840,no
23849,no
23851,no
23852,no
23853,no
23854,no
23857,no
23862,no
23863,no
23864,no
23866,no
23874,no
23888,no
23889,no
23895,no
23897,no
23906,no
23911,no
23916,no
23926,no
23928,no
23929,no
23930,no
23932,no
23938,no
23939,no
23944,no
23952,no
23953,no
23954,no
23956,no
23958,no
23959,no
23960,no
23963,no
23970,no
23977,no
23988,no
23989,no
23991,no
23993,no
24000,yes
24003,no
24014,yes
24022,yes
24027,yes
24031,yes
24034,no
24035,yes
24042,yes
24045,no
24052,no
24054,yes
24058,yes
24063,no
24070,no
24071,yes
24074,no
24077,no
24078,yes
24087,no
24089,no
24090,yes
24094,yes
24099,no
24107,yes
24111,yes
24118,no
24123,no
24124,no
24127,no
24142,no
24143,no
24160,no
24161,no
24162,no
24170,no
24173,no
24183,no
24207,no
24209,no
24214,no
24217,no
24226,no
24229,no
24230,no
24244,no
24251,no
24253,no
24255,no
24256,no
24259,no
24262,no
24264,no
24272,no
24276,no
24277,no
24282,no
24285,no
24286,no
24290,no
24297,no
24299,no
24300,no
24306,no
24309,no
24310,no
24322,no
24323,no
24326,no
24327,yes
24335,no
24338,no
24340,no
24345,no
24351,no
24354,no
24363,no
24364,no
24366,no
24368,no
24370,no
24376,no
24386,no
24394,no
24398,no
24405,no
24406,no
24417,no
24423,no
24426,no
24427,no
24442,no
24466,no
24472,no
24473,yes
24476,no
24484,no
24485,no
24486,no
24487,no
24489,no
24495,no
24502,no
24503,no
24504,no
24518,no
24519,no
24527,no
24530,no
24532,no
24535,no
24538,no
24544,no
24548,no
24557,no
24565,no
24566,no
24570,no
24574,no
24578,yes
24594,no
24596,no
24599,no
24600,no
24604,no
24611,no
24618,no
24624,no
24648,no
24658,no
24660,no
24662,no
24665,no
24685,yes
24690,no
24700,yes
24703,no
24704,no
24722,no
24729,no
24734,no
24736,no
24746,no
24747,no
24762,no
24765,no
24770,no
24791,no
24811,no
24813,no
24816,no
24817,no
24818,no
24819,no
24820,no
24826,no
24829,no
24831,no
24833,no
24837,no
24842,no
24843,no
24845,no
24846,no
24849,no
24853,no
24858,no
24860,no
24861,no
24874,no
24881,no
24885,no
24900,no
24904,no
24917,yes
24918,no
24920,no
24931,no
24933,no
24938,no
24941,no
24944,no
24950,no
24951,no
24968,no
24972,no
24976,no
24981,no
24982,no
24995,no
25000,no
25003,no
25006,no
25008,no
25009,no
25020,no
25022,no
25025,no
25027,no
25032,no
25051,no
25053,no
25064,no
25068,yes
25069,no
25074,no
25081,no
25092,no
25095,no
25097,no
25103,no
25105,no
25112,no
25121,no
25122,no
25142,no
25150,no
25159,no
25161,no
25163,no
25169,no
25174,no
25179,no
25183,no
25184,no
25186,no
25188,no
25192,no
25199,no
25212,no
25215,no
25216,no
25227,no
25232,no
25235,no
25241,no
25242,no
25251,no
25256,no
25274,no
25275,no
25279,no
25280,no
25287,no
25289,no
25291,no
25307,no
25316,no
25318,no
25338,no
25342,no
25343,no
25344,no
25345,no
25351,no
25359,no
25362,no
25363,no
25364,no
25368,no
25372,no
25373,no
25380,no
25389,no
25394,no
25396,no
25398,no
25401,no
25416,no
25425,no
25426,no
25431,no
25446,no
25464,no
25470,no
25471,no
25473,no
25476,yes
25479,no
25488,no
25491,no
25494,no
25496,no
25498,no
25500,no
25502,no
25510,no
25515,no
25517,no
25518,yes
25519,no
25520,no
25521,yes
25522,no
25523,no
25525,no
25530,no
25537,no
25538,yes
25547,no
25552,no
25553,no
25556,no
25557,yes
25559,no
25563,no
25566,yes
25570,no
25582,no
25592,no
25596,no
25599,no
25601,no
25605,no
25611,no
25613,no
25616,no
25619,no
25625,no
25628,no
25634,no
25640,no
25643,no
25650,no
25651,no
25658,no
25662,no
25675,no
25682,no
25683,no
25692,yes
25693,no
25703,no
25705,no
25708,no
25709,no
25711,no
25712,no
25731,yes
25734,no
25735,no
25738,no
25739,no
25752,no
25757,no
25761,no
25762,no
25763,no
25766,no
25783,no
25785,yes
25791,no
25792,no
25805,no
25817,no
25820,no
25821,yes
25826,no
25832,yes
25833,no
25849,no
25851,no
25855,no
25860,no
25864,no
25868,no
25876,no
25879,no
25881,no
25883,no
25892,yes
25901,no
25917,no
25920,no
25923,no
25931,yes
25933,yes
25934,no
25938,no
25939,no
25945,no
25954,no
25957,no
25958,no
25963,no
25964,no
25966,no
25988,no
25991,no
25993,no
25995,no
26013,no
26015,no
26017,yes
26019,no
26025,no
26026,no
26027,no
26028,no
26029,yes
26035,no
26039,no
26049,no
26062,no
26069,no
26081,no
26086,no
26092,no
26096,no
26105,no
26111,no
26113,yes
26116,no
26119,yes
26120,no
26122,no
26123,no
26128,no
26132,no
26140,no
26143,no
26144,no
26145,no
26147,no
26149,no
26155,no
26160,no
26167,yes
26170,yes
26172,no
26177,no
26181,no
26183,no
26189,no
26200,no
26201,no
26205,no
26206,no
26211,no
26212,no
26213,no
26215,no
26220,no
26249,no
26256,no
26258,no
26270,no
26287,no
26289,no
26292,no
26293,no
26299,no
26309,no
26312,no
26327,no
26329,no
26331,no
26336,no
26337,no
26342,no
26345,no
26347,no
26370,no
26375,no
26382,no
26385,no
26386,no
26390,no
26393,no
26399,no
26400,no
26417,no
26421,no
26423,no
26424,no
26425,no
26426,no
26431,no
26432,no
26442,no
26460,no
26469,no
26475,no
26478,no
26485,no
26489,no
26498,no
26500,no
26502,no
26505,no
26512,no
26514,no
26515,no
26523,yes
26526,no
26531,no
26532,no
26535,no
26536,no
26553,no
26555,no
26557,no
26564,no
26567,no
26569,no
26572,no
26579,no
26582,no
26586,no
26588,yes
26589,no
26613,no
26614,yes
26616,no
26619,no
26627,no
26630,no
26636,no
26639,no
26641,no
26646,no
26649,yes
26654,no
26655,no
26657,yes
26660,no
26661,no
26665,no
26671,no
26672,no
26681,no
26685,no
26691,no
26698,no
26705,no
26708,no
26711,no
26715,no
26723,yes
26724,no
26727,no
26728,no
26732,no
26734,no
26736,no
26737,no
26739,no
26745,no
26746,no
26751,no
26754,no
26756,no
26762,no
26784,no
26788,yes
26790,no
26806,no
26811,no
26819,no
26829,no
26832,no
26838,no
26841,no
26849,yes
26853,no
26854,no
26870,no
26872,no
26884,yes
26899,no
26900,no
26902,no
26905,no
26910,no
26911,no
26916,no
26917,no
26928,no
26935,yes
26940,no
26943,no
26946,yes
26950,no
26955,no
26956,yes
26957,no
26958,no
26962,no
26966,no
26973,yes
26984,no
26986,no
26987,no
26990,yes
26999,yes
27005,no
27025,no
27027,no
27037,no
27042,no
27043,no
27044,no
27045,yes
27048,no
27052,no
27056,no
27065,no
27076,no
27081,no
27082,no
27083,no
27094,no
27103,no
27105,no
27117,no
27122,no
27125,no
27127,no
27128,no
27139,no
27151,yes
27155,no
27160,yes
27169,no
27172,no
27181,yes
27192,yes
27197,no
27200,no
27202,no
27208,yes
27213,no
27216,yes
27223,no
27228,no
27230,no
27233,no
27236,no
27241,no
27250,yes
27251,no
27253,no
27266,no
27281,no
27285,no
27286,no
27301,no
27302,no
27304,no
27306,no
27307,no
27314,no
27323,no
27328,no
27331,no
27332,no
27340,no
27345,no
27350,no
27355,no
27356,no
27364,no
27369,no
27370,no
27374,yes
27376,no
27382,no
27384,no
27386,no
27388,no
27398,no
27405,no
27412,no
27413,no
27420,no
27424,no
27425,no
27433,no
27445,yes
27446,no
27454,no
27464,no
27472,no
27480,no
27490,yes
27491,no
27499,no
27500,no
27509,no
27516,no
27518,no
27523,yes
27526,yes
27527,no
27529,no
27532,no
27534,no
27540,yes
27542,no
27543,no
27559,no
27563,yes
27564,no
27566,no
27569,no
27570,no
27573,no
27586,yes
27594,no
27598,no
27599,yes
27605,no
27606,no
27608,no
27624,no
27626,no
27632,no
27643,no
27649,no
27654,no
27663,no
27672,no
27675,no
27684,no
27689,no
27691,yes
27693,yes
27696,no
27701,yes
27710,no
27712,no
27713,yes
27716,yes
27718,yes
27723,no
27728,yes
27733,yes
27734,yes
27747,no
27750,no
27751,yes
27757,yes
27761,yes
27764,yes
27765,yes
27766,yes
27769,yes
27772,yes
27773,no
27775,no
27777,yes
27785,yes
27788,no
27790,yes
27794,yes
27796,no
27798,yes
27808,yes
27810,yes
27812,no
27818,yes
27829,no
27832,yes
27840,yes
27843,no
27846,yes
27848,yes
27856,yes
27860,yes
27862,yes
27867,yes
27869,yes
27874,yes
27877,yes
27882,no
27885,no
27886,yes
27890,yes
27909,no
27912,yes
27914,yes
27923,yes
27926,yes
27928,yes
27932,yes
27935,no
27937,yes
27938,no
27940,yes
27952,yes
27959,no
27961,yes
27962,yes
27964,yes
27965,no
27990,no
27997,no
28001,no
28011,no
28016,no
28018,no
28021,no
28022,yes
28024,no
28036,no
28038,no
28044,no
28047,no
28054,no
28060,no
28064,no
28067,no
28071,no
28074,no
28082,no
28087,no
28091,no
28099,no
28112,no
28114,yes
28128,no
28129,no
28132,no
28138,no
28141,no
28144,no
28145,no
28151,no
28152,no
28164,no
28172,no
28173,no
28174,no
28178,no
28179,no
28182,no
28185,no
28202,no
28205,no
28211,no
28220,no
28225,no
28226,no
28228,yes
28229,no
28230,no
28246,yes
28247,no
28251,no
28253,no
28258,no
28261,no
28264,no
28270,yes
28272,yes
28273,no
28276,no
28278,yes
28287,yes
28295,no
28302,yes
28307,yes
28308,no
28310,no
28311,no
28312,yes
28314,no
28315,no
28324,no
28327,no
28328,no
28333,no
28341,no
28343,yes
28350,yes
28362,no
28363,no
28365,no
28369,yes
28378,yes
28379,no
28380,no
28386,no
28398,no
28399,no
28400,yes
28404,yes
28408,yes
28411,no
28412,no
28419,no
28430,no
28441,yes
28444,no
28453,no
28454,no
28464,no
28469,no
28470,yes
28477,no
28481,yes
28482,no
28483,no
28495,no
28511,no
28513,yes
28527,no
28529,no
28535,no
28538,no
28541,no
28549,yes
28552,yes
28554,no
28557,yes
28561,no
28572,yes
28583,yes
28602,yes
28610,no
28615,no
28618,no
28621,no
28625,no
28633,no
28635,no
28643,no
28647,no
28656,no
28666,no
28669,no
28671,no
28673,yes
28677,no
28684,yes
28687,no
28690,no
28693,no
28694,no
28699,no
28706,no
28708,no
28710,no
28716,no
28718,no
28731,no
28732,yes
28734,no
28740,no
28742,no
28743,no
28746,no
28747,no
28753,no
28754,no
28756,no
28758,no
28761,no
28763,no
28769,no
28783,no
28795,no
28797,no
28801,no
28803,yes
28804,no
28805,yes
28806,no
28807,no
28810,no
28820,yes
28831,no
28835,no
28840,yes
28841,no
28850,no
28853,no
28854,no
28861,no
28865,yes
28876,no
28884,no
28885,no
28890,no
28899,no
28901,no
28902,yes
28903,no
28906,no
28916,no
28919,no
28920,no
28921,no
28926,no
28927,no
28930,no
28931,no
28933,no
28937,no
28939,yes
28940,no
28942,no
28948,no
28952,no
28955,no
28960,no
28967,no
28982,no
28992,yes
28997,no
29001,no
29007,no
29009,no
29011,no
29033,no
29038,no
29047,no
29052,yes
29055,no
29059,no
29061,no
29062,no
29063,no
29075,no
29077,no
29079,no
29084,no
29086,no
29087,yes
29092,no
29097,yes
29098,no
29100,no
29113,no
29118,no
29122,no
29124,no
29125,no
29127,no
29134,no
29139,no
29140,no
29148,no
29150,no
29163,no
29165,yes
29166,no
29168,no
29171,no
29179,no
29187,no
29189,no
29192,no
29195,no
29197,no
29217,no
29218,no
29222,no
29227,no
29231,no
29238,no
29240,no
29241,no
29245,no
29252,no
29256,no
29257,no
29259,no
29265,no
29267,no
29277,no
29283,no
29287,no
29290,no
29294,yes
29299,no
29300,no
29301,no
29304,no
29305,no
29309,no
29312,yes
29315,no
29320,no
29327,no
29328,no
29332,no
29334,no
29336,no
29340,no
29344,no
29345,yes
29351,no
29371,no
29373,no
29375,no
29377,no
29378,no
29381,no
29388,no
29398,no
29401,yes
29402,no
29409,no
29411,no
29412,no
29416,no
29424,no
29425,no
29426,no
29430,no
29432,yes
29437,no
29441,no
29443,no
29450,no
29467,no
29475,no
29482,no
29483,no
29486,no
29491,no
29492,no
29493,no
29504,no
29505,no
29506,no
29508,no
29510,yes
29511,no
29516,no
29521,no
29523,no
29535,no
29538,no
29545,no
29546,yes
29548,no
29553,no
29565,no
29566,no
29571,no
29583,no
29592,no
29619,no
29629,no
29631,no
29648,no
29661,no
29670,no
29680,no
29685,no
29689,no
29697,no
29703,no
29709,no
29711,no
29715,no
29721,no
29723,no
29725,no
29734,no
29739,no
29749,no
29750,yes
29757,no
29759,no
29768,no
29769,no
29774,no
29777,no
29781,no
29783,no
29793,no
29794,no
29796,no
29799,no
29806,no
29808,no
29809,no
29813,no
29823,no
29825,no
29831,no
29841,no
29844,no
29845,no
29850,no
29855,no
29856,no
29863,no
29866,no
29872,no
29877,no
29878,no
29883,no
29894,no
29896,no
29899,no
29902,no
29921,no
29926,no
29932,no
29943,no
29956,no
29961,no
29963,no
29964,no
29968,no
29969,yes
29975,yes
29978,yes
29984,yes
29990,no
29991,no
29992,no
30005,yes
30009,no
30013,no
30015,yes
30020,yes
30022,no
30024,no
30027,no
30028,yes
30031,no
30049,yes
30062,no
30063,no
30075,no
30077,no
30080,no
30087,no
30090,no
30096,no
30099,no
30105,no
30106,no
30109,no
30111,yes
30112,no
30116,no
30119,yes
30129,no
30131,yes
30133,yes
30134,yes
30137,no
30140,yes
30143,yes
30154,yes
30158,yes
30160,no
30206,no
30209,yes
30220,yes
30225,no
30232,no
30251,yes
30254,no
30255,no
30257,no
30266,yes
30268,yes
30270,yes
30286,yes
30297,yes
30303,yes
30306,no
30313,no
30314,yes
30328,no
30329,yes
30336,yes
30337,yes
30341,yes
30348,yes
30354,no
30355,yes
30373,no
30386,no
30391,no
30403,yes
30408,yes
30418,yes
30425,no
30429,yes
30431,no
30435,no
30444,no
30445,no
30447,yes
30448,yes
30449,no
30453,no
30461,yes
30462,yes
30471,no
30480,no
30483,no
30492,no
30497,yes
30499,no
30502,no
30508,no
30519,no
30522,no
30523,no
30527,no
30535,yes
30544,yes
30554,no
30561,no
30562,no
30564,no
30573,yes
30575,no
30581,yes
30586,no
30595,yes
30598,yes
30600,no
30607,no
30615,yes
30620,no
30622,no
30628,no
30640,yes
30651,yes
30654,no
30659,no
30663,no
30676,no
30678,no
30682,no
30697,no
30698,no
30699,no
30707,no
30720,no
30722,no
30725,no
30728,yes
30733,no
30734,yes
30740,no
30746,no
30750,no
30761,yes
30766,no
30771,no
30782,no
30783,no
30784,no
30791,no
30794,no
30795,no
30798,no
30805,no
30807,no
30811,no
30815,yes
30816,no
30818,no
30825,no
30826,no
30828,no
30831,no
30835,no
30836,no
30841,no
30851,no
30857,no
30859,no
30869,no
30873,no
30874,no
30881,no
30890,no
30897,no
30907,no
30908,no
30911,no
30916,no
30926,no
30930,no
30932,yes
30933,no
30935,no
30936,yes
30949,no
30951,no
30954,no
30957,no
30958,no
30962,no
30966,no
30971,no
30974,no
30977,yes
30979,no
30980,yes
30981,no
30984,no
30987,no
30988,no
30992,no
31007,no
31008,no
31010,no
31021,no
31024,no
31027,no
31030,no
31037,no
31042,no
31047,no
31055,no
31065,no
31075,no
31076,no
31085,no
31086,no
31095,no
31097,no
31099,no
31100,no
31105,no
31106,no
31110,no
31113,no
31115,no
31116,no
31128,no
31131,no
31135,no
31169,no
31174,no
31182,yes
31186,no
31195,no
31213,no
31216,no
31222,no
31225,no
31226,yes
31238,no
31259,no
31273,yes
31279,no
31289,no
31290,no
31301,no
31308,no
31312,no
31315,no
31320,no
31324,no
31331,no
31334,no
31337,no
31345,no
31348,no
31349,no
31351,no
31358,no
31359,no
31362,no
31367,no
31371,no
31376,no
31379,no
31385,no
31390,no
31401,no
31406,no
31416,no
31417,yes
31419,no
31422,no
31433,no
31455,no
31463,yes
31467,yes
31471,no
31472,no
31480,no
31486,no
31497,no
31498,no
31501,no
31508,no
31521,yes
31528,no
31551,no
31552,no
31555,no
31556,no
31566,yes
31575,no
31585,no
31598,no
31600,no
31601,no
31616,no
31624,no
31625,no
31629,no
31634,no
31639,no
31647,no
31653,yes
31655,no
31656,no
31658,yes
31663,no
31667,no
31670,no
31673,no
31692,no
31703,no
31705,no
31707,no
31709,no
31711,yes
31721,no
31728,no
31730,no
31750,no
31759,no
31778,no
31781,no
31802,no
31816,no
31819,no
31821,no
31822,no
31823,no
31826,no
31831,no
31836,no
31843,no
31845,yes
31846,no
31852,no
31860,no
31870,yes
31875,yes
31880,no
31881,no
31883,no
31889,no
31890,no
31891,no
31896,no
31897,no
31898,no
31899,no
31910,no
31918,no
31921,no
31923,no
31926,no
31932,yes
31933,no
31954,no
31957,no
31958,no
31966,no
31968,no
31973,no
31976,yes
31980,no
31982,no
31987,no
31996,no
32001,no
32003,no
32006,no
32007,yes
32016,no
32018,no
32021,no
32026,no
32031,yes
32043,no
32049,yes
32060,no
32069,no
32082,yes
32083,no
32088,no
32092,no
32093,yes
32097,no
32101,no
32112,no
32113,no
32115,no
32117,yes
32123,no
32125,no
32130,no
32152,no
32154,no
32157,no
32161,no
32167,no
32172,no
32174,no
32182,no
32184,no
32196,no
32201,yes
32214,no
32217,no
32220,no
32222,no
32230,no
32232,no
32245,no
32247,no
32252,no
32254,no
32262,no
32263,no
32264,no
32265,yes
32272,yes
32275,no
32284,no
32293,no
32298,no
32299,no
32307,no
32312,no
32316,no
32317,yes
32320,no
32323,no
32327,no
32328,yes
32330,no
32332,no
32334,no
32335,no
32345,no
32347,no
32352,no
32353,no
32355,no
32363,no
32369,no
32371,no
32373,no
32376,no
32383,no
32391,yes
32402,no
32408,no
32409,no
32413,no
32419,no
32427,no
32430,no
32439,no
32441,no
32443,no
32449,no
32450,no
32463,no
32464,no
32467,no
32471,no
32479,no
32482,no
32496,no
32510,no
32528,no
32535,no
32536,yes
32551,no
32556,no
32559,no
32562,no
32563,no
32567,no
32574,no
32580,no
32581,no
32583,no
32584,no
32591,no
32596,no
32598,no
32602,no
32606,no
32624,no
32626,no
32634,no
32635,no
32649,no
32651,no
32658,no
32694,no
32696,no
32698,no
32703,no
32711,yes
32720,no
32726,no
32728,yes
32733,no
32737,no
32745,no
32762,no
32764,no
32766,no
32769,no
32779,no
32781,no
32784,no
32786,no
32792,no
32793,no
32800,no
32808,no
32821,no
32826,no
32828,no
32835,no
32854,no
32857,no
32872,no
32873,no
32876,no
32885,no
32886,no
32888,no
32890,no
32894,no
32913,no
32916,no
32919,no
32920,no
32921,no
32922,no
32924,no
32930,no
32933,no
32934,no
32940,no
32954,no
32955,no
32959,no
32963,no
32966,no
32969,no
32970,no
32972,no
32975,no
32980,no
32981,no
32983,no
32991,no
32994,no
33001,no
33002,no
33004,no
33005,no
33012,no
33030,no
33037,no
33039,no
33040,no
33045,no
33062,no
33065,no
33066,no
33069,no
33073,no
33078,no
33082,no
33085,no
33108,no
33110,no
33120,no
33122,no
33123,no
33126,no
33130,no
33132,no
33139,no
33142,no
33146,no
33154,no
33159,no
33160,no
33161,no
33171,no
33172,yes
33174,yes
33187,yes
33189,no
33204,yes
33209,no
33210,no
33214,no
33226,no
33243,no
33266,no
33270,no
33272,no
33276,no
33282,no
33290,no
33291,no
33297,no
33302,yes
33307,no
33313,no
33314,no
33320,yes
33324,no
33328,no
33329,no
33332,yes
33339,no
33340,no
33342,yes
33349,no
33361,no
33362,no
33365,no
33367,no
33377,no
33380,no
33382,no
33383,no
33396,no
33397,no
33398,yes
33400,no
33402,no
33404,no
33407,no
33411,no
33418,no
33422,no
33434,no
33435,no
33453,yes
33455,no
33457,no
33458,no
33461,no
33467,no
33477,no
33480,no
33487,no
33489,no
33496,no
33505,no
33535,no
33536,no
33537,no
33539,no
33541,no
33547,no
33548,yes
33560,no
33561,no
33572,no
33575,no
33576,no
33580,no
33584,no
33586,yes
33591,no
33595,no
33598,no
33613,no
33621,no
33623,no
33625,no
33629,no
33635,no
33638,no
33649,no
33650,no
33653,no
33654,no
33655,no
33660,yes
33662,no
33665,no
33672,no
33678,yes
33681,no
33686,no
33687,no
33688,no
33690,no
33691,no
33703,no
33708,no
33709,no
33710,no
33715,no
33719,no
33722,no
33723,no
33724,no
33737,no
33742,no
33751,no
33755,no
33756,no
33757,no
33760,yes
33763,no
33765,yes
33767,no
33768,no
33769,no
33776,no
33782,no
33783,no
33785,no
33787,no
33794,no
33798,yes
33804,no
33816,no
33827,no
33828,no
33840,no
33848,no
33855,no
33861,no
33866,no
33870,no
33872,no
33885,no
33893,no
33896,no
33905,no
33919,no
33932,no
33933,no
33937,no
33938,no
33941,no
33947,no
33949,no
33972,no
33979,no
33980,no
33982,yes
33985,no
33986,no
33989,no
33990,no
33996,no
33997,yes
33998,no
34008,no
34016,no
34019,no
34020,no
34026,no
34028,no
34036,yes
34039,yes
34051,no
34054,no
34057,no
34064,no
34068,no
34069,no
34072,no
34078,no
34080,no
34084,no
34085,no
34087,no
34101,no
34121,yes
34129,no
34148,no
34152,no
34157,no
34158,no
34159,no
34160,no
34171,no
34172,no
34177,no
34178,no
34196,yes
34215,no
34216,no
34217,no
34228,no
34235,no
34246,no
34249,no
34251,no
34268,no
34273,no
34275,yes
34285,no
34299,no
34300,no
34305,no
34314,no
34317,no
34324,no
34328,yes
34335,no
34343,no
34349,no
34375,yes
34382,yes
34387,no
34393,no
34395,no
34396,no
34397,no
34406,no
34409,no
34414,no
34419,no
34420,yes
34439,no
34441,no
34447,no
34448,no
34450,no
34457,no
34464,no
34474,yes
34479,no
34484,no
34485,no
34486,no
34493,no
34498,no
34501,yes
34503,no
34510,no
34517,no
34518,no
34521,no
34524,no
34529,yes
34531,no
34540,no
34542,no
34546,no
34552,no
34560,no
34565,no
34566,no
34567,no
34574,no
34578,no
34581,no
34584,no
34587,no
34591,no
34594,no
34606,no
34610,no
34611,yes
34618,no
34620,yes
34622,no
34624,no
34629,no
34631,no
34635,no
34636,no
34642,no
34650,no
34654,yes
34657,no
34660,no
34663,no
34665,no
34674,no
34675,yes
34678,no
34681,no
34693,no
34695,no
34698,yes
34699,no
34700,no
34701,no
34704,yes
34707,no
34710,no
34716,no
34724,no
34735,yes
34742,no
34743,no
34753,no
34754,no
34758,no
34761,no
34765,no
34766,no
34773,no
34775,no
34779,no
34782,no
34785,no
34797,no
34798,no
34800,yes
34801,no
34806,no
34812,no
34816,no
34820,no
34822,no
34832,no
34833,no
34836,no
34839,no
34843,no
34844,no
34850,no
34865,no
34872,no
34874,no
34877,no
34881,no
34882,no
34884,no
34886,no
34888,no
34899,no
34905,no
34911,no
34919,no
34924,no
34926,no
34942,no
34947,no
34949,no
34958,no
34961,no
34964,no
34976,yes
34978,no
34980,no
34984,no
34998,no
35007,no
35010,yes
35017,yes
35021,no
35037,no
35041,no
35046,no
35054,no
35057,no
35060,no
35062,no
35063,no
35069,no
35081,yes
35089,no
35098,no
35111,no
35113,no
35131,no
35133,no
35139,yes
35144,no
35150,no
35153,no
35163,no
35170,no
35179,no
35183,yes
35186,no
35188,no
35192,no
35195,no
35196,no
35198,no
35201,no
35205,no
35208,no
35209,no
35219,no
35222,no
35227,yes
35228,no
35230,no
35236,no
35240,no
35243,no
35247,yes
35257,no
35262,no
35270,no
35289,no
35292,yes
35295,no
35298,no
35303,no
35306,no
35307,no
35315,no
35316,yes
35323,yes
35328,no
35333,no
35340,no
35341,no
35349,no
35358,no
35367,no
35369,no
35371,no
35379,no
35386,no
35398,yes
35400,no
35414,yes
35422,no
35426,no
35427,no
35428,no
35433,no
35435,no
35436,no
35440,no
35442,no
35461,no
35464,no
35468,no
35478,no
35479,no
35488,no
35489,no
35503,no
35506,yes
35509,no
35517,no
35525,no
35529,no
35530,no
35531,no
35547,no
35548,no
35554,no
35577,no
35585,no
35595,no
35596,no
35612,yes
35615,no
35618,no
35622,no
35631,no
35634,yes
35643,yes
35652,yes
35659,no
35667,no
35671,no
35686,no
35699,no
35700,no
35709,no
35710,no
35712,no
35722,yes
35732,no
35733,yes
35735,yes
35737,no
35739,no
35740,yes
35743,yes
35755,yes
35757,no
35772,yes
35773,no
35775,no
35777,no
35790,no
35795,no
35796,no
35808,no
35813,yes
35816,no
35820,yes
35822,no
35832,no
35835,yes
35840,yes
35842,no
35851,no
35854,no
35871,no
35876,no
35877,no
35892,yes
35900,no
35903,no
35906,no
35907,no
35909,no
35912,no
35916,no
35920,no
35923,no
35925,no
35931,yes
35932,no
35936,yes
35940,yes
35941,yes
35944,yes
35946,no
35947,no
35948,yes
35954,no
35959,no
35979,no
35984,no
35993,no
35995,no
35996,no
36013,no
36020,no
36021,yes
36026,no
36027,no
36032,no
36034,no
36035,no
36037,no
36041,no
36045,no
36046,no
36059,no
36060,no
36062,no
36068,no
36071,no
36073,no
36074,yes
36081,no
36082,no
36098,no
36100,no
36115,yes
36116,no
36118,no
36119,no
36122,yes
36124,yes
36129,no
36137,no
36138,no
36142,yes
36153,no
36159,no
36172,yes
36174,no
36176,no
36182,yes
36184,no
36185,no
36187,no
36188,no
36191,no
36196,yes
36198,yes
36203,no
36206,no
36208,no
36212,no
36218,no
36220,no
36221,no
36224,yes
36238,yes
36244,yes
36246,no
36258,yes
36268,yes
36278,yes
36279,yes
36280,no
36284,yes
36289,yes
36298,yes
36304,yes
36312,yes
36314,yes
36317,yes
36320,yes
36321,yes
36322,no
36332,no
36336,no
36343,no
36361,no
36368,yes
36378,yes
36395,yes
36397,yes
36404,yes
36405,no
36408,no
36411,yes
36412,yes
36413,no
36415,yes
36431,no
36432,yes
36435,no
36436,no
36444,yes
36451,yes
36455,yes
36468,yes
36469,yes
36474,yes
36484,yes
36487,no
36495,yes
36501,yes
36509,yes
36517,yes
36518,yes
36527,no
36554,yes
36560,no
36572,yes
36575,no
36576,yes
36582,yes
36584,yes
36586,yes
36590,no
36593,yes
36598,no
36605,yes
36606,yes
36607,yes
36609,no
36618,no
36620,no
36627,no
36631,yes
36632,no
36636,yes
36639,no
36659,yes
36660,yes
36661,yes
36668,no
36674,yes
36679,no
36680,no
36683,yes
36702,yes
36703,yes
36709,yes
36727,yes
36732,no
36735,yes
36738,yes
36741,no
36751,yes
36759,no
36766,no
36768,no
36777,no
36788,yes
36793,yes
36801,yes
36803,no
36812,no
36819,no
36832,no
36834,yes
36840,no
36842,no
36850,yes
36860,no
36872,no
36875,no
36876,yes
36877,no
36885,yes
36886,no
36897,no
36902,no
36914,no
36925,yes
36926,yes
36932,no
36935,yes
36939,yes
36940,yes
36941,yes
36945,yes
36954,yes
36963,no
36974,yes
36976,yes
36980,yes
36982,yes
36988,yes
36993,yes
37002,yes
37004,no
37011,yes
37014,yes
37016,no
37019,yes
37026,yes
37028,yes
37031,yes
37044,no
37051,yes
37055,no
37059,yes
37065,no
37080,yes
37083,yes
37086,no
37088,yes
37095,no
37097,yes
37098,no
37099,no
37102,no
37104,no
37108,no
37114,yes
37125,yes
37126,no
37129,yes
37131,no
37147,yes
37148,yes
37157,yes
37158,no
37164,no
37171,yes
37174,no
37190,yes
37191,yes
37192,yes
37194,no
37198,yes
37202,yes
37208,yes
37211,no
37212,no
37219,yes
37220,yes
37223,no
37226,no
37233,yes
37241,no
37258,yes
37259,no
37261,no
37262,yes
37265,yes
37280,no
37285,yes
37291,yes
37295,yes
37306,no
37308,no
37311,yes
37322,no
37327,no
37328,yes
37334,no
37340,yes
37346,no
37347,yes
37356,yes
37358,yes
37364,yes
37380,no
37382,yes
37383,no
37384,yes
37385,yes
37390,no
37393,yes
37396,no
37402,yes
37410,no
37412,no
37414,yes
37418,no
37425,yes
37430,yes
37431,yes
37434,no
37437,no
37438,yes
37441,yes
37443,yes
37444,no
37446,yes
37465,yes
37477,yes
37481,no
37487,no
37496,no
37497,no
37504,no
37505,yes
37509,yes
37517,yes
37525,no
37529,yes
37544,yes
37545,yes
37552,yes
37558,no
37567,no
37572,yes
37573,no
37574,yes
37582,yes
37588,yes
37590,yes
37599,no
37600,no
37605,no
37609,yes
37614,yes
37625,yes
37626,yes
37628,no
37641,yes
37643,yes
37650,no
37653,no
37659,no
37660,yes
37661,yes
37672,yes
37675,yes
37678,yes
37680,no
37681,yes
37685,no
37698,yes
37704,yes
37711,yes
37713,yes
37715,yes
37717,no
37719,no
37721,no
37730,yes
37732,no
37734,no
37737,yes
37743,yes
37744,no
37755,no
37764,yes
37766,no
37769,yes
37772,yes
37776,no
37778,no
37779,yes
37784,no
37790,yes
37797,yes
37804,yes
37818,yes
37819,yes
37822,yes
37823,yes
37830,yes
37832,no
37841,yes
37846,no
37848,no
37849,yes
37860,yes
37861,yes
37870,no
37873,no
37879,no
37886,yes
37889,no
37890,yes
37891,yes
37892,no
37893,yes
37898,yes
37900,yes
37904,no
37911,yes
37922,yes
37927,yes
37932,no
37945,yes
37946,yes
37947,yes
37957,yes
37962,no
37963,no
37970,yes
37976,no
37989,yes
37991,no
38000,yes
38001,yes
38006,no
38010,yes
38019,no
38027,yes
38041,no
38044,no
38058,no
38060,yes
38061,yes
38062,yes
38063,yes
38065,no
38067,yes
38069,no
38085,no
38087,yes
38088,yes
38098,yes
38102,yes
38103,yes
38107,yes
38110,no
38112,no
38115,yes
38116,yes
38135,no
38138,yes
38140,no
38141,no
38154,yes
38155,yes
38158,yes
38161,yes
38173,yes
38185,no
38188,yes
38191,no
38194,yes
38196,yes
38197,yes
38204,yes
38210,no
38211,yes
38218,no
38222,yes
38235,yes
38236,yes
38240,no
38241,no
38243,no
38244,no
38247,yes
38249,yes
38257,yes
38258,no
38259,yes
38260,yes
38278,yes
38282,yes
38284,yes
38287,yes
38296,yes
38301,yes
38304,yes
38308,yes
38312,yes
38313,yes
38314,yes
38320,yes
38326,no
38328,no
38329,yes
38334,yes
38335,no
38337,yes
38345,yes
38349,yes
38350,yes
38356,yes
38360,no
38364,yes
38378,no
38382,no
38388,yes
38390,no
38395,yes
38398,yes
38400,yes
38404,yes
38413,yes
38415,yes
38419,yes
38429,yes
38431,yes
38447,yes
38459,no
38460,no
38467,no
38475,no
38481,yes
38486,yes
38488,yes
38489,no
38491,yes
38492,no
38493,yes
38494,yes
38502,yes
38513,no
38518,yes
38520,no
38525,no
38559,no
38564,no
38565,yes
38567,yes
38571,no
38577,yes
38585,no
38590,yes
38591,yes
38595,yes
38623,no
38626,no
38629,yes
38638,no
38639,no
38643,yes
38646,yes
38647,yes
38649,yes
38654,yes
38658,no
38659,no
38660,yes
38663,no
38675,no
38691,yes
38696,no
38705,yes
38709,yes
38710,yes
38714,no
38716,yes
38723,yes
38725,yes
38727,yes
38737,no
38740,yes
38741,yes
38754,yes
38756,yes
38757,yes
38761,yes
38765,no
38768,yes
38769,yes
38770,yes
38772,yes
38773,no
38776,yes
38784,no
38785,no
38787,yes
38796,yes
38805,yes
38807,yes
38810,yes
38814,no
38827,yes
38828,yes
38832,yes
38837,yes
38850,no
38861,no
38867,no
38869,no
38875,no
38877,no
38887,yes
38890,no
38900,no
38908,yes
38919,yes
38926,no
38929,yes
38940,no
38941,no
38949,yes
38952,yes
38953,yes
38956,no
38957,no
38963,yes
38964,yes
38965,yes
38969,yes
38977,no
38990,yes
38995,no
38996,yes
38997,no
38999,yes
39000,yes
39001,yes
39004,yes
39012,yes
39013,yes
39028,yes
39030,yes
39031,no
39037,no
39038,no
39040,yes
39049,yes
39051,yes
39056,no
39062,yes
39063,yes
39080,yes
39081,yes
39085,yes
39099,yes
39100,no
39110,yes
39114,yes
39115,yes
39121,yes
39129,yes
39132,yes
39141,no
39144,yes
39147,yes
39149,yes
39160,yes
39161,no
39163,yes
39164,yes
39173,no
39176,yes
39179,yes
39181,no
39185,yes
39188,yes
39194,yes
39198,yes
39214,no
39224,yes
39225,yes
39229,yes
39235,yes
39239,no
39241,no
39245,yes
39246,yes
39249,yes
39258,yes
39261,yes
39268,yes
39273,yes
39274,yes
39275,yes
39278,no
39282,yes
39289,yes
39298,yes
39301,yes
39303,no
39310,yes
39317,yes
39341,yes
39344,yes
39351,no
39353,yes
39356,yes
39362,yes
39371,yes
39379,yes
39381,no
39382,no
39383,yes
39384,yes
39387,yes
39389,yes
39397,yes
39399,yes
39402,yes
39407,yes
39421,yes
39432,yes
39442,no
39443,yes
39448,yes
39455,yes
39456,yes
39458,no
39471,yes
39475,yes
39483,yes
39494,yes
39499,no
39502,yes
39504,yes
39521,no
39524,no
39526,yes
39534,yes
39536,no
39542,yes
39546,yes
39550,no
39553,yes
39554,yes
39555,yes
39564,yes
39567,yes
39577,no
39582,yes
39592,yes
39604,no
39619,yes
39621,no
39624,no
39632,no
39648,yes
39649,yes
39650,yes
39651,yes
39666,yes
39671,no
39674,yes
39680,yes
39682,yes
39692,yes
39703,yes
39706,yes
39707,yes
39709,yes
39711,yes
39714,yes
39717,yes
39724,no
39734,yes
39740,yes
39744,yes
39747,no
39749,yes
39756,yes
39757,no
39763,yes
39764,yes
39774,yes
39784,yes
39789,no
39790,no
39803,yes
39809,no
39811,yes
39817,no
39819,no
39824,no
39825,no
39831,yes
39837,yes
39844,yes
39862,yes
39870,yes
39882,no
39887,yes
39897,yes
39898,no
39899,yes
39901,yes
39914,yes
39915,yes
39923,yes
39932,yes
39934,no
39935,no
39941,yes
39952,no
39953,yes
39954,yes
39956,no
39957,yes
39962,yes
39964,yes
39965,no
39966,yes
39967,yes
39971,yes
39972,yes
39974,yes
39976,yes
39977,yes
39986,yes
39989,yes
40002,yes
40007,yes
40009,no
40010,yes
40034,no
40037,yes
40041,yes
40042,yes
40050,yes
40052,no
40059,yes
40075,yes
40080,no
40085,yes
40088,no
40089,no
40091,yes
40094,yes
40099,no
40103,yes
40111,yes
40116,yes
40118,no
40128,yes
40131,yes
40133,no
40134,yes
40136,no
40137,yes
40139,yes
40140,no
40147,no
40152,no
40155,yes
40156,yes
40158,yes
40164,yes
40165,yes
40167,yes
40168,yes
40181,no
40201,yes
40211,no
40216,yes
40222,no
40224,no
40227,yes
40232,no
40233,no
40234,yes
40242,no
40248,no
40250,yes
40251,yes
40262,yes
40271,yes
40279,yes
40280,yes
40294,yes
40295,yes
40296,yes
40306,yes
40314,yes
40317,yes
40322,no
40328,yes
40331,no
40340,no
40342,yes
40349,yes
40353,yes
40354,yes
40355,yes
40364,yes
40368,yes
40373,yes
40374,yes
40376,yes
40377,yes
40381,yes
40394,yes
40397,yes
40399,yes
40400,yes
40402,yes
40409,no
40411,yes
40412,yes
40419,yes
40423,yes
40435,yes
40438,yes
40441,yes
40442,yes
40444,no
40447,yes
40448,yes
40462,yes
40463,yes
40471,yes
40475,yes
40476,yes
40480,yes
40486,yes
40487,yes
40499,yes
40501,no
40502,yes
40513,yes
40514,yes
40520,yes
40528,no
40529,no
40539,no
40543,yes
40545,yes
40549,no
40558,yes
40560,yes
40561,yes
40563,yes
40564,yes
40566,yes
40570,no
40571,yes
40592,yes
40594,yes
40603,yes
40605,no
40609,yes
40616,yes
40619,yes
40620,no
40632,no
40636,yes
40642,yes
40647,yes
40651,yes
40659,yes
40663,yes
40667,yes
40668,yes
40670,yes
40680,yes
40682,yes
40688,yes
40693,no
40696,yes
40703,yes
40706,no
40716,yes
40722,yes
40723,yes
40725,yes
40730,yes
40731,yes
40733,no
40738,yes
40741,yes
40757,yes
40764,yes
40772,no
40774,yes
40780,yes
40782,yes
40789,no
40794,yes
40799,yes
40809,yes
40810,yes
40818,yes
40821,yes
40823,yes
40826,no
40831,yes
40833,yes
40841,no
40843,yes
40846,no
40853,yes
40854,yes
40860,no
40862,no
40863,no
40864,no
40867,yes
40871,yes
40876,yes
40890,no
40908,no
40912,yes
40913,yes
40914,yes
40921,yes
40922,no
40932,yes
40940,yes
40941,yes
40946,yes
40948,no
40952,yes
40960,yes
40969,no
40973,yes
40977,yes
40981,yes
40983,no
40984,no
40987,yes
40988,no
40989,no
40992,yes
40994,yes
40999,no
41007,yes
41017,yes
41019,yes
41032,yes
41033,yes
41040,yes
41042,yes
41049,yes
41057,yes
41062,no
41064,yes
41070,no
41071,yes
41090,yes
41094,no
41096,no
41102,yes
41110,yes
41111,no
41119,yes
41123,yes
41127,yes
41133,no
41139,yes
41141,yes
41148,yes
41149,yes
41157,no
41166,yes
41171,no
41172,yes
41176,yes
41181,yes
41185,yes
